weesyczbpomumwlb,F,Finance,ndzcjskgjowqsgad,noimage,20.0
fjykyiiqyaytjjsj,Other,Literature,ygzfcjxszlssgyxd,noimage,20.0
vcgnjihohjjzsbgg,M,Literature,ckcghbiavymoxhpp,noimage,20.0
zvjkjjnmlfpcuhjs,Other,Literature,ezacqucrwlnwolib,noimage,20.0
rxjtoiuwfvxwwssy,F,Linguistics,qereqwcqsotycyjv,noimage,20.0
qdlwzitwqsmnccrp,M,Finance,qpgkxmcwoxdmvthi,noimage,20.0
ebbarqgztjlxdhja,F,History,aoomfnqvktbwowty,noimage,20.0
yrgnijvwiivgeoel,F,Literature,zzmvsobfojxqtwdf,noimage,20.0
yrjceirrqyxiruqj,Other,Finance,gpkndubxuczffjql,noimage,20.0
lwfjlyrbzhsqjrms,M,Linguistics,spqbfrrpuxbqzgwf,noimage,20.0
nhgulmeqpqspceix,M,Math,rlsdvgtxsdrorrem,noimage,20.0
anduvrqmbhxwcvhp,M,Finance,tzsohjhcczfhbpdi,noimage,20.0
yhmokfvbvelclres,F,Literature,tzfezebznwtpdivb,noimage,20.0
bagyjprtkxfrajiv,Other,ComputerSciences,yygvidszxlctggcq,noimage,20.0
zmdcydjwhodovcfv,Other,Finance,skavcbexcikmudbd,noimage,20.0
nqagjvgnyrqduclm,M,Math,rdkxzuoclluhzmtq,noimage,20.0
mbfhojlygvuxesqh,Other,History,bbexlhbagojgqemx,noimage,20.0
syxxzdobnzctwyhd,M,Linguistics,ptqpkgqswkdlgubp,noimage,20.0
hnthvkvpeoapanzp,Other,Linguistics,djejnudmjtzjnepw,noimage,20.0
igkijowrrbzdsuas,F,ComputerSciences,gsyhgpgtvgnuoayr,noimage,20.0
ihuxbsystztiozkn,M,Finance,zcaocmjlvcacdxvv,noimage,20.0
nxvpkmnbespdhyos,M,Finance,eyadtqrsysecxnfq,noimage,20.0
kaimdkphntsauhrt,F,ComputerSciences,otfsoeauivicmwas,noimage,20.0
nxmwtyefgxotajlr,M,Linguistics,xvmdiwdxhhmakmme,noimage,20.0
ljkbhdvgyfdjgwrg,Other,Math,rbjyedpgzvqorbsi,noimage,20.0
yqtfbeangwhiehtk,F,Math,vjkwwukqjabjitsh,noimage,20.0
qtkrirguzwmundam,Other,History,dvjjxbyjrtnuydup,noimage,20.0
aftftdazpzrkrhop,Other,History,hoifvtvkbrqmkxuu,noimage,20.0
udlwntnqcovchkwc,F,History,tmawvurtnvkyxebg,noimage,20.0
npuyavojleffbcwg,M,Linguistics,rnvcoqufaokcdljc,noimage,20.0
ufxtvyzggsdhmomu,Other,Finance,guxhlapeysmnhixm,noimage,20.0
nbltbpukprqzquaw,M,Literature,ozcbagefhvqplltu,noimage,20.0
tymxdcenlgonehhz,F,Math,lpiumvalmvdjfinu,noimage,20.0
kwobitmcdfrgddhd,M,Math,iiwkjemkbqwdvfdi,noimage,20.0
jorsjsjzhlevgcvi,M,Physics,qhwtntuaikwmtnpx,noimage,20.0
rnkkebbtfvtwpjbo,M,Physics,ksxabrmsrmzsszno,noimage,20.0
zhpjmtqwafnqsbkv,F,History,bevkjmxfffizyymw,noimage,20.0
qlxcsbypqwilzide,M,Physics,meiikurqvdejolni,noimage,20.0
wjjjdfzttftgcswl,F,Literature,gfmzngyhmtstqovy,noimage,20.0
tnflnoghguffoxis,Other,Physics,dmqfpqkhloboigvg,noimage,20.0
sjmgbikkygpxsfrj,Other,Math,cnbdrfmgmjgecdgm,noimage,20.0
xvvcszksytibnyfg,M,Linguistics,czyfoaldpnvzobab,noimage,20.0
qdlwugrrqsamacdy,Other,History,azejmhdmigrmqsqp,noimage,20.0
htvvwqadhnmqhnlu,F,Linguistics,mayapxdlmchgxoej,noimage,20.0
ulsisszyikzncmiu,Other,Finance,idolujyqdxhcsnyb,noimage,20.0
ucvmyhmqzctuvuqm,F,Finance,xnucyodmqqsrpwls,noimage,20.0
hdregytzxgneothk,F,History,jvzppqkkueftylpg,noimage,20.0
uwvagzwtimsnpzvn,F,History,utiqarorsxejzvmt,noimage,20.0
stfccupkxqxqantc,F,History,kxwtchfbshbppent,noimage,20.0
crqetsvtpxlbktei,Other,Linguistics,xcizaeybfufnbwaf,noimage,20.0
hnksyjrbwtbdtfxx,Other,Math,nomkvrejlcmyubmb,noimage,20.0
vekatjiibgbdgrai,F,ComputerSciences,rdqlrczoskiafiwt,noimage,20.0
ytcydtrnpxfgqrfq,Other,Physics,wufquzdatyoozoli,noimage,20.0
jpplfhhdxpdynzfp,Other,Finance,jflvakelqoflgcej,noimage,20.0
khjnoyusrciuftju,Other,Finance,yepgtxjecsbyizkw,noimage,20.0
fkwdkxpiycdziuli,Other,ComputerSciences,komoyqnmdjvwwzhu,noimage,20.0
kapcnwgaygwusocg,M,Linguistics,jowcaqfniydvbhtf,noimage,20.0
vpebyxzwfekltqqs,F,Linguistics,nlxkhfbxmvlarqeu,noimage,20.0
qcjxjqtqporqnlqs,M,Physics,dbbnbyfqiuymvfkw,noimage,20.0
loriliwubibymqyr,Other,Math,nipavenuntlzirsh,noimage,20.0
vyuudpqeilpnspkx,M,Linguistics,wxpehjbtmlspmfmf,noimage,20.0
nrkynmimntegemth,F,Math,duhsjntfuraapfti,noimage,20.0
lohzaqcwqrupwzgj,F,Math,iewqrdrfllfnjqxc,noimage,20.0
qyruievojkorxzyx,Other,ComputerSciences,ucmeybqqbrnzggqn,noimage,20.0
lqivabeivozxryue,M,History,ohrommtadiliuhgr,noimage,20.0
hdnavwgwfgcbvviz,Other,Finance,knxwzbzjdorgppcf,noimage,20.0
ixbxyvirxqokvtdf,Other,Linguistics,wbbtvnwwuwvokxyy,noimage,20.0
hsbevfkmyrfpiqnu,M,Physics,iubhjchgxqwpfjmn,noimage,20.0
jufrggjbykypmtvk,F,Literature,yqaczwmcmonzdamm,noimage,20.0
lntelitlavawzumw,F,ComputerSciences,wqxbhdmtvwmnfeay,noimage,20.0
jjirozoahcbogczu,M,Literature,qmqcmclrfffmglof,noimage,20.0
xqoqqymnsuuekspa,F,Physics,abcpybtoohjkxkop,noimage,20.0
lajxlkgfzdedejtr,M,Finance,hxblecfdgmohqkhk,noimage,20.0
snfcumeqybovqpwb,M,History,pdvibfzjomddoqoy,noimage,20.0
pququyazoluxbvad,Other,Math,qwrifbrdptoudwbf,noimage,20.0
faeugtvkngdhvomi,M,Finance,inhnoubhdqojopau,noimage,20.0
lnfweryyapzkinux,Other,Physics,rjojgajxtuirpjhx,noimage,20.0
hgnvxjaptggqfzjd,F,Math,majfpgtosnfbbbwy,noimage,20.0
xsvbjlullfakuzob,F,History,bplminleqbkvcxhq,noimage,20.0
kuqeknaydymlxpfa,F,Literature,nqbjlxgzqdzcyyib,noimage,20.0
rguaiepwrofrvruv,M,Math,flvihnnuetkescuu,noimage,20.0
svhszoygxnjokleq,Other,Literature,takiiiixfvfptbpb,noimage,20.0
qfjbngtpajlrtjvb,M,Literature,swvfhdxceehghvwz,noimage,20.0
vbyicsdabmamolbx,Other,Linguistics,kglzffvctzjmtucu,noimage,20.0
nurwwfedkgyadtxq,F,Finance,fmtyxkpxtrryuuvu,noimage,20.0
rawziawjcxbktawj,Other,ComputerSciences,itkicivgwkjdpvhj,noimage,20.0
wyliesqhzmqxfrid,M,Literature,vhrigzemnjkitqhg,noimage,20.0
zamghgxptmmplhpe,F,Physics,fcrawpxqultsnnsn,noimage,20.0
zteomretlziqplyv,F,Finance,sephngzyxlwxidco,noimage,20.0
vxxayllgaeppueea,Other,Finance,kqbtnsspxhjqtbls,noimage,20.0
vklyoootbxqftddc,F,Literature,nzsfaoahwpdpeezx,noimage,20.0
nchtybrfkojdqngc,F,Math,uqtgchqickcccxnc,noimage,20.0
injnxezvplztukgu,M,Finance,cethwioomqwlajod,noimage,20.0
gjxvnqsmbsioqwsd,F,Literature,jigrxngqvkgaygax,noimage,20.0
mpvzmaotvkkdpwon,M,Literature,vkfkzpbyebtpldsk,noimage,20.0
hexmobgprbkzlxvo,M,Physics,mkcmrxmfcnnwxqlf,noimage,20.0
nuaugkpvgasdaqkj,Other,Linguistics,hihcunkgbmmcmurd,noimage,20.0
ktdldylbdaxqdfnp,F,ComputerSciences,rikcopzqcwaqspvv,noimage,20.0
xdvxfitxlwnjhlgx,F,Math,fhkkwzrefpfaokun,noimage,20.0
kcfenrbzuqxvgefm,F,Linguistics,mlbezvsfkhmldoqc,noimage,20.0
uqhkwtljdhnfsycu,M,Finance,fwffudjskthkjxuv,noimage,20.0
azmeslwrtblygogx,F,History,rlaqhlpcojuupgyu,noimage,20.0
cdczozkvlvmwaqsp,M,ComputerSciences,ngbsxvounldypgns,noimage,20.0
rgdtcscnkhqucplw,Other,Physics,bemteqqucyjqskse,noimage,20.0
ehbvbifcoimfwyvs,F,ComputerSciences,fdfxuyzzdxhozydc,noimage,20.0
diuzzrkfhrwrihyn,F,Math,snwsqkpiupyqohmj,noimage,20.0
lhbynfcyewudgzea,F,History,zemnpdxotkjrkdxy,noimage,20.0
stjadleyrvogxlii,M,ComputerSciences,yuzxdnjnaepvhnxo,noimage,20.0
xqfppobqbvooxlhw,Other,Linguistics,bduvemfzarojsjra,noimage,20.0
pitelckeftyxtfhl,M,Literature,ebzfaemegyfivkaf,noimage,20.0
njhnzxniszbhxmqo,Other,Math,wavlpkiswgpesfnv,noimage,20.0
mytrjuxijvligpbk,Other,History,ksuzlwycaksanfsm,noimage,20.0
hylvzxupfsuclomu,Other,History,gkgbixhnmamxpakl,noimage,20.0
sqgzbfaxzqzoudzq,Other,Math,whzvysgdlxhckqui,noimage,20.0
aruyivixpvrktmmw,F,History,xqcglwnlissmlwbo,noimage,20.0
muznlkhiyadkzicb,Other,Math,bynpigxooifsufce,noimage,20.0
erysxdfgyqgthfef,Other,Math,zpivvrxejzilhoig,noimage,20.0
lsaffuyxrgqapdeh,M,Math,tzpugufauivuzjol,noimage,20.0
fhjvzhbiztwinowl,M,Finance,scaiacgzmlbkjaay,noimage,20.0
gcznzduegpayhrjm,F,Physics,safaoykryamxipcp,noimage,20.0
kxdcmlagzinrjjsa,Other,Physics,ceuakocengopelbn,noimage,20.0
ryzqmrngigcnbrsh,Other,Literature,voeotbafduhplfrf,noimage,20.0
deqbhpuwxqpykjat,M,ComputerSciences,ukoqvlzbkjsabfdf,noimage,20.0
pfqziepbmqpnhdhn,M,Physics,sslvjibsrtndmsnh,noimage,20.0
wkpeypjcyntwybbe,F,Physics,oknswperofzzaufr,noimage,20.0
xyrwhthlpdhvrids,F,Linguistics,vspbgvqqhrcyhgzk,noimage,20.0
fqicwenvhxncqomh,M,Math,fribcickmmxxruew,noimage,20.0
jlmbprkocmklzqqx,M,Literature,ejindnouthfxwbcf,noimage,20.0
meiorpvptyywrtgm,M,Math,lccqulmluvfkutia,noimage,20.0
vazspedcrbtoradh,M,ComputerSciences,essehxrsmzkhndmz,noimage,20.0
ndezlmdubeoquchj,Other,Math,taskkslqazyteacu,noimage,20.0
xvqccfmvejzolffp,Other,Literature,skaphffgeraenjwk,noimage,20.0
nwgytsuexeqruthz,F,Literature,tjjzkkfzgjrdkugl,noimage,20.0
mbheskwigfeqkigl,F,ComputerSciences,kgbocppnetwyezfu,noimage,20.0
qognzoqvnkyyrfrq,F,Finance,prarogsjyotbpqiv,noimage,20.0
pfqvhreiwffgoier,M,Linguistics,khpcdcghuecexyds,noimage,20.0
vqujfclmgzhquekv,Other,History,talsgydhhsxslnay,noimage,20.0
hqvpzbjqbnxvouwn,F,History,npdcrlxiizpwedtt,noimage,20.0
xkrpxkobcwlbigzq,Other,Finance,zvjgybktqdypaths,noimage,20.0
nokormyvcajsnnde,Other,History,nzsoqixeiqnurodo,noimage,20.0
ezurttiipqmljjzv,Other,Literature,fakjtpohdfgldzrg,noimage,20.0
sfvehkwylinjmjok,F,Math,jzowbzexgpfgokep,noimage,20.0
tfdhzcbikyvmlvzq,F,Finance,fvopqpvjmhittcxu,noimage,20.0
lpvbonkasjaxegad,Other,ComputerSciences,geemtibehtysuacm,noimage,20.0
waruthmjdjwdgkpv,M,Math,vpfqvwdrzczvccjw,noimage,20.0
rbnvqyxcnsftymuy,F,Math,jjsgjstkxjsptsvq,noimage,20.0
lvrtevilomzadgwe,Other,Finance,shelhhomfkbyytnc,noimage,20.0
nzzynozvenoaaugo,M,Finance,uccdocwlyrzhlvcx,noimage,20.0
edachemupkhjcewo,F,Literature,lrwqxwbzhdnglepf,noimage,20.0
awdnogvkirnrwcnh,Other,History,iclmodmsgcpodmeg,noimage,20.0
dungxknsqfickeeg,Other,History,swrvurqnbkhqhyfv,noimage,20.0
romokvugomsixvfa,M,Linguistics,vrmubqhiciozzdqf,noimage,20.0
gwfilhnamwkbjurw,F,History,huranxsyfpiwugql,noimage,20.0
ngwgvvnkfsgovelp,F,Math,siarqujfirbchpqx,noimage,20.0
ckvzclsabywykcns,F,Physics,cqyxhapveprzpeqc,noimage,20.0
cdulgytizgcjrsev,F,History,ulpgjpcevhmnjznh,noimage,20.0
xnftxpwqykmqudzg,M,Math,dkpxrtaawwypxpci,noimage,20.0
bufwpxdvetiovofv,F,Physics,bsrqloucdbbmbhun,noimage,20.0
covxidzzawlghvzk,M,ComputerSciences,bhvcdprdqewwevss,noimage,20.0
qlhqephrdxxhqvwe,M,Physics,ibyseyzrakaedbtp,noimage,20.0
tsvwkbcslbkgwcwc,F,Literature,atbntkxvwabjczfb,noimage,20.0
ounjbhipxebhgvob,M,Math,kgyhosbuvaszhvcf,noimage,20.0
nzyinwpurbfggqyc,F,Physics,qhpysujppopacrqg,noimage,20.0
kahdnrphubrqfiph,Other,Physics,fwrzzjvezcasycms,noimage,20.0
osputqizwxrkfhvs,Other,History,oiglrxevbwpvyvgw,noimage,20.0
dvhrsaqfxgcfuded,F,ComputerSciences,imfbxyclhtzhlfhd,noimage,20.0
zggcznphqpnttytn,M,ComputerSciences,hziqrpohqzdvwpmv,noimage,20.0
zzdbbkiojmtdpmfr,Other,Linguistics,xkccjdvlrsrjvjxx,noimage,20.0
jrkcfoxeecfradah,Other,Finance,qmqezhihfuknzlkf,noimage,20.0
mxrdasbamhlnizcv,M,Physics,tkhhzksiceoqrgug,noimage,20.0
yifqwoapqsfrndjx,F,ComputerSciences,vjqksuxrtetixadv,noimage,20.0
utvqjoosjddhlyxt,F,ComputerSciences,suiboihsrjrmnjns,noimage,20.0
upbovrcucctcoruz,Other,Finance,jbkklqteaehsetsx,noimage,20.0
tnubxzhckxzugvmf,Other,History,pkxatfwinexwomcp,noimage,20.0
wbpwhhhnopoocnlf,M,Literature,gcmumsbwxtwhflto,noimage,20.0
jyidcatevmxrihym,M,Math,ckrvxozilbukwhff,noimage,20.0
dhtzxerbnorrfdtd,F,ComputerSciences,ncgoaeuimewitbds,noimage,20.0
nyeixfcbmtjivncq,F,Math,bvpdhqypdppotfpt,noimage,20.0
yskusdfjmlmkqmhi,F,History,jnxviacwimxdfhup,noimage,20.0
xqgkfeozlrfiawxy,M,Linguistics,dtddwvnderybafdk,noimage,20.0
cqopvsyosmptobvq,M,History,msdyomdsjrlpzccp,noimage,20.0
fnzcoucrxmkoacuq,M,Linguistics,wwqvyhsyttmkmuez,noimage,20.0
jdkdmqhwlygxudcq,Other,Linguistics,iwzdqoansdxfxtgt,noimage,20.0
wuvdtjuqjcmrofmq,M,Math,yeaowlskkirvcpbw,noimage,20.0
urlwmpnmankmfkce,F,Math,vgqfmozozamijfyc,noimage,20.0
giieihspvgfiwqut,Other,Linguistics,cinpbxrmhjfpalat,noimage,20.0
yhascyefkpjozbvf,M,Linguistics,ikpdqrjljhebowyl,noimage,20.0
bkprvuuvuhhpsviu,Other,Literature,eipevieoomtfjhev,noimage,20.0
rhskhuygzsgvdbcp,Other,Finance,czxmcglnycgccmjm,noimage,20.0
bkvgohgvfbhqxgzw,F,ComputerSciences,nwcamhtknzuixatm,noimage,20.0
otgzwzsjjjeznijl,Other,History,crhfgsjjseuptrsx,noimage,20.0
jgjplfulsmkgixhr,M,History,eszsucokxswezotc,noimage,20.0
pociidcvxrngyhhw,F,Physics,noccuuqpbzisqich,noimage,20.0
uwpwwaflsmltkcad,M,Physics,mranopyyjfdaemmk,noimage,20.0
pvtdrjzcdqvxlhyx,M,Finance,kxwnvhpxohhqnbnq,noimage,20.0
mqfktdrcjubqrmwj,M,History,kqpocaktfketcxsw,noimage,20.0
vakurckubxzzrrgc,Other,Linguistics,ppoieamznybivbhd,noimage,20.0
ogtyopasojpfmxsl,M,ComputerSciences,pyzevunxserbglew,noimage,20.0
xndsghcimgwzcary,M,ComputerSciences,oqoutegxjpodslon,noimage,20.0
enarftboaloethsq,M,History,whmhfnfefxckpxdy,noimage,20.0
spitcxblknvzzfmh,Other,Linguistics,oxorioqonfhikhlt,noimage,20.0
agrdnlmqowrvkowx,M,Linguistics,jrzdjfmnwveghgwz,noimage,20.0
dphuszhgcibpeswe,Other,Literature,ntpujwfjeepjyaeh,noimage,20.0
vjhqnrzmrucxijka,Other,Physics,yibwpqrmsfntqdyz,noimage,20.0
owumdvjmgyyznpjd,M,Literature,zfzsqmvwtwvmmons,noimage,20.0
tttkzwnatkthnhhu,M,Math,vuqzsyprnupbhgdx,noimage,20.0
zupxcpqtpzarwcqx,Other,Physics,pqdawlejuiqbfrxs,noimage,20.0
tqgivcpdhwztnfcn,M,Linguistics,zbpddsbvezhwawuv,noimage,20.0
yzzarshptzxwvebx,Other,Physics,ouoqzgnzirkusmbq,noimage,20.0
ovvrkwydttvxvkri,M,Physics,ugbilglpmddpzdmf,noimage,20.0
snirfkibbidxalcm,F,Literature,rdknaqtjllshzkxl,noimage,20.0
tweauovhciaqssgp,M,Math,qetikziexukskgsw,noimage,20.0
terdnuxdwqnfdruh,Other,History,bnarqrgbqbnohnuz,noimage,20.0
ccmxvjazydyereqr,M,Finance,gsjzelyhwokcftnp,noimage,20.0
jcfbpwcxnwwbawaf,M,ComputerSciences,bpuxrxryjkelrboi,noimage,20.0
fzpqydktqnmsrlqt,F,ComputerSciences,sjcjuvcdrqwgstmz,noimage,20.0
xpajpkmnvukbpxjy,M,History,kjxeuafmtluxaweq,noimage,20.0
icdlpyouocwwdeje,F,ComputerSciences,vbdzbxwssaawplyl,noimage,20.0
lnwonskwbnlawhxt,Other,Math,bdonimtjvpeupkxj,noimage,20.0
gisvakzvyeqcxtwn,Other,Linguistics,gfwvzkqmmssjneeq,noimage,20.0
jkfmwhqgipkcwbro,F,Literature,oyyhntuiydnmkubb,noimage,20.0
feuvdmzhpztxwwnw,F,History,uqfkdfhkerawgkxo,noimage,20.0
huvpxavljdguyaba,Other,Linguistics,hvvrmrwajrfwwydh,noimage,20.0
mxwyqipuygfdhgpw,M,Physics,ypxgtnbkwvkyxhob,noimage,20.0
sechcvxfggjlforg,Other,Physics,gxdaxdaclptsmins,noimage,20.0
nnogfokmieujofls,M,Physics,jzhrptqanxbcjubt,noimage,20.0
dnrcmnbyfkqcpkay,Other,ComputerSciences,ngfevsmpvjoagjvb,noimage,20.0
yoygykfbmicrrkgx,M,History,vnyuloptyuooybuf,noimage,20.0
jizbftslazsnwfql,F,History,ulzzdpqplgjmuqza,noimage,20.0
sjpyvayvnjgwbzus,M,Math,omblujrjxpuvdedr,noimage,20.0
nykcdkgdxpzludex,Other,Math,yfpxoxwgnakamruu,noimage,20.0
ucfwervpgpemragk,F,Math,qnrpvfbhdpxgchlu,noimage,20.0
dqygmiwrfatjekvd,M,Finance,lfakqqnjndxubdzy,noimage,20.0
ikgwlwgysqhfgzzy,M,Math,divtxcimlnupvldm,noimage,20.0
nfgrgzkcyfczqfen,Other,Physics,plbfcyovxbwjazku,noimage,20.0
lhzopvbzejqyinti,M,History,krsirmzxpcmqphhe,noimage,20.0
kpxihvebzpgqyxqs,Other,ComputerSciences,fdpvnqkldojcjbgc,noimage,20.0
deypbqyjsfhlqwlp,Other,ComputerSciences,vwtnjggjrpestllm,noimage,20.0
wtqokuhzcrwscwza,F,Linguistics,ubsptevnqvfyqsax,noimage,20.0
vcwduuhzlswehznw,M,Math,eurxnqcbepycffmb,noimage,20.0
jiivhabunhrccbpp,M,Math,uvbpuzwsfoxvxkuq,noimage,20.0
ejainvrfgqudslhn,F,History,bmknkkjoopgecodi,noimage,20.0
focmutgudrjwvosg,F,Math,xufbrsdamwyfuogc,noimage,20.0
plriqqcrairkdwci,M,Finance,jswiblkikgygsqve,noimage,20.0
nrbvwdusehbborwi,M,Finance,mbgffyagqmeagblk,noimage,20.0
vhjnsqftckwbtjbp,Other,Physics,nvqztzeyiegwpppw,noimage,20.0
rezymcebqzabbtgo,Other,Math,hogejzluoqcukxxr,noimage,20.0
mxuvavmmowsqbtzh,Other,Literature,kcxgkpfurdshpteo,noimage,20.0
lhgqvpbhwzhsnuho,M,Finance,evehqurefobkannz,noimage,20.0
psqlcsrszmifnwxx,Other,Linguistics,bveaqiqfoujrylyu,noimage,20.0
pzmtesnpezjobspr,Other,Physics,oxtkbedvylendcgg,noimage,20.0
rbkvczqrpcyubagl,M,History,dtpktmzynuiyjodq,noimage,20.0
vlcwrreijgfbzeax,Other,History,xzabnmfuzuwaiomc,noimage,20.0
kjgwbnqnxrfnmuju,F,Finance,bvambdfmemdgpzpi,noimage,20.0
edqxusdsgytwmkdz,M,Literature,ywoxgnyvleozydph,noimage,20.0
fhaldzdipwrokbvh,M,History,xtkltgeoevdpbzdd,noimage,20.0
dtefklewffszhngb,F,Physics,xjngmcjblooicogo,noimage,20.0
vmcphgroybnnsvop,Other,History,teiyqtgvksnxdzly,noimage,20.0
anxiglhflvkngwky,M,Literature,fycndjbhsjuzbmpl,noimage,20.0
wuyeiynhxahddwqa,F,Linguistics,tszmhadjwbhssjcr,noimage,20.0
beffavaerktspcci,F,ComputerSciences,pkuvgiiicllnnhsh,noimage,20.0
mnjzhwurduimhvey,F,Literature,tgnlytqykuxphohh,noimage,20.0
vgqvebziffusjfhi,Other,Linguistics,oqiragbxmyiipdha,noimage,20.0
dmcgfqmvomcplbgj,F,Physics,iahavrnauqpuvvzk,noimage,20.0
awhiiutfyidfctnj,Other,Math,pxxmcaqgfhxwofel,noimage,20.0
ripvsnqwaivuefcv,M,History,qcnmocisuzcvzixv,noimage,20.0
jfdrllodbvbudxrg,M,Literature,ctmzzmlxyaxkrqba,noimage,20.0
nenpsqcccbojnhph,Other,Physics,avqzlgdsrnlwdody,noimage,20.0
pxnjzthmtuvkmqym,F,Math,ceeyictudzyysbqp,noimage,20.0
ypgkwdybmaiqvtqt,Other,ComputerSciences,wugrnlsoeyjvempe,noimage,20.0
sozdxxwgvtcyqwzk,F,History,ulswekjaiolezaxj,noimage,20.0
svxlnrszvteuylhy,F,Linguistics,sdqtaqtvslfkdmlq,noimage,20.0
aamtxjhorqjoxptb,M,Math,eagpkntuoscxkmzt,noimage,20.0
ofeccnudhdtqpfwf,F,ComputerSciences,xfxxweamgqsdwttk,noimage,20.0
rtxrjewmstbhbqjz,F,Linguistics,garfubxjeblloosk,noimage,20.0
gqhwgqsuazkwhtec,M,Math,bswqatodngszszzo,noimage,20.0
velcmhngkmzljohi,Other,Finance,ujurivnjrbfyzkla,noimage,20.0
iivtclbhmbtlvlag,Other,Linguistics,xzogjsckwqkavznf,noimage,20.0
mdozuflhetgbkaqm,M,Finance,yfvspupeyufxwphj,noimage,20.0
hojmxwbhesdczlnr,F,Literature,fwxqswcqvyxejnmd,noimage,20.0
tsgzsookrzrzmqpm,Other,History,bctelfvnisjeddmp,noimage,20.0
meusfsderhqtywzk,F,Linguistics,ruuxcrhsiymuskfb,noimage,20.0
wroxjymfimowbqlh,F,Physics,kwongllsjorhrxkv,noimage,20.0
uzajlkfnlerkewhk,F,Literature,rxsyjiheagdmimwi,noimage,20.0
ggjyvfuwlhgrdbrb,F,ComputerSciences,igopohivkpfgipfl,noimage,20.0
kdgxfzlvobnknjwn,Other,ComputerSciences,cnkfuboinjflhvnl,noimage,20.0
nqofwdeglsygbpdz,F,History,wdkzkvwbetioiyjb,noimage,20.0
hnmgtldvezuiqmof,M,Math,sdmhmcwpuknvurjp,noimage,20.0
ppprlmvlbntdiyln,F,Literature,ohurprmzzowvjzth,noimage,20.0
iqnzssagfofqreum,Other,History,rfohhugnwasounqo,noimage,20.0
fkcpchnyoecuwtsc,M,Literature,xyjhmtuougntksxc,noimage,20.0
edlwbavhgwdoknwm,Other,ComputerSciences,ighuzyjfupqopxmt,noimage,20.0
mpglqrixqumywfia,M,Math,mowqhsjqmfpqahqq,noimage,20.0
jbrsrtjhgxmvsgsb,Other,Physics,dqxwfgtemqlxzdut,noimage,20.0
btlmuztpkcwrgidb,M,Math,lujhalfuyqfadzgd,noimage,20.0
fhafiklmtgdchdtl,Other,Literature,kgqjfnfmatndxhrj,noimage,20.0
aicktmonqduramtx,F,History,uigixuopwqxzxiuh,noimage,20.0
dfgzinjbbwmtzcwa,Other,Literature,yomvtsgajanjgxsz,noimage,20.0
zyspsldcrqmuwkwy,M,Literature,ujfoszhdzuddpxlz,noimage,20.0
qxstinftycjtmkhp,Other,Physics,nsuvhbxnlwdkjjkg,noimage,20.0
ltpipkpwuwurwmne,F,ComputerSciences,icofbpegccjutecb,noimage,20.0
mukryotdgzavmdja,Other,Finance,tvjwkauqztnswvwz,noimage,20.0
pwwchkmfyrlwhpwj,Other,ComputerSciences,qytcqnxvgpsnjyen,noimage,20.0
nbqwirsdsdseenld,F,Math,tlbpbtwtonsfasfj,noimage,20.0
dfccdsmriejqiktz,F,History,vyqwkaobbuergruc,noimage,20.0
ssuwailajvnsnqjj,M,History,mqljjrqnujwvicfr,noimage,20.0
uklcyjvwsrklhtkp,Other,Physics,ciqpjuyafodmytmb,noimage,20.0
rwvqceosptcfudzz,F,Math,opfslicajznnorzx,noimage,20.0
zoapchzyooxgsamt,M,Finance,zyeyevxiaeyprfto,noimage,20.0
mpweopddrrgkyxkz,F,History,wmtavizwkheeehkl,noimage,20.0
mkkdbulqalaldiai,F,History,ewmrpruauwdaekjf,noimage,20.0
vorratpbaotghadh,M,Linguistics,gafbgvmjkcamsphc,noimage,20.0
syaaftqoarpkdprn,F,Physics,ifnilwjzmqgbbivw,noimage,20.0
tkhhtaofhsmifawe,Other,Finance,rpjxttmplafoztml,noimage,20.0
gkocdrzwluinucwm,M,Literature,zeasjxndbfvemlcw,noimage,20.0
opqundpusrfmpeig,M,Literature,jcgylqlsvhaghzfk,noimage,20.0
mgrwdfxufrhkflsi,F,ComputerSciences,kljjyyzvxtnlgyaz,noimage,20.0
tdivbuxacgooqljf,M,Math,azgfqbepornxcpsh,noimage,20.0
szrgwamxfxashgqk,Other,Finance,qjzavdnrxqfgqsdv,noimage,20.0
bvbauyronhmcwdlw,M,History,mxnkbyeawnjvlvro,noimage,20.0
jjwcajrjtufeacke,M,Literature,pzctndwraangyxcm,noimage,20.0
bwcivbrtdizwjxnb,F,ComputerSciences,npaadxciledoohfr,noimage,20.0
calpkymnbgbjnpua,F,Math,xgiotzjwawotzcju,noimage,20.0
mfstcvqhpysraina,Other,Finance,nidwwpolukhvngfx,noimage,20.0
qqftolcysfmdqcng,F,ComputerSciences,nlnqbicsdsopaefz,noimage,20.0
bgxxcfhroaxrgafe,F,ComputerSciences,utdmkdheiaekkbqn,noimage,20.0
wgmrujzklehhsfsj,Other,Physics,engnjoslgcoigzsf,noimage,20.0
iprqmxlmytgnkoey,M,Finance,rzgyhtdcefbbihck,noimage,20.0
vkftynfljxqbjcbz,Other,History,hwaxqjkkcqguhfoi,noimage,20.0
wvjijfchumtrkpat,F,Literature,coyegphzftayjydo,noimage,20.0
rlyzszmmzsrplham,Other,Linguistics,anxzepqtrkzbiorv,noimage,20.0
ocrtnxchzcunrner,F,Physics,adaedouvrribvvlw,noimage,20.0
quxrsghckwwxbppw,M,Physics,yuksqczmjtktulny,noimage,20.0
trmvyvilxpktapyy,M,Linguistics,smqasocoisytepfb,noimage,20.0
qdqmsewjkfxhuqfr,M,History,zmzgsbvptxhgblif,noimage,20.0
cxjyihzaekantmgd,M,Finance,cwqnisehchiejttx,noimage,20.0
kgjufyoyudqvakdv,Other,History,wrpzjppfpwqqefte,noimage,20.0
kzugwdmqqnzvdryf,M,Finance,puxthbixwhtiyumh,noimage,20.0
lhhteedodikqfmnx,F,Finance,gpypdebvfnednbxy,noimage,20.0
ssdxosgrxvynfboc,M,History,qubepvgxsrgscfcf,noimage,20.0
ujbmmnknlcylosly,M,Math,wenburkwhfmijalk,noimage,20.0
jrdnjoyxxiqyvmdh,F,Physics,wisrnrafwbpdngyz,noimage,20.0
jndpkvuowrlnbqio,F,Finance,xgrsinsoxedvqvyx,noimage,20.0
rocfugqdtzkklreq,Other,Linguistics,vpjwmepegzczrsdm,noimage,20.0
qlgtbkukhrmawpuq,M,Finance,bthkeaecnirsirav,noimage,20.0
rqrjmljtaktjewuh,F,Math,bxihfnayiqygpvdh,noimage,20.0
aufevpfsgoufuwxt,F,Linguistics,opdhycbycyrowtvx,noimage,20.0
pgbaezpkxandkwwd,M,ComputerSciences,vnxiagwlzbwgxpco,noimage,20.0
nwbvljmfcdzduiox,M,Finance,ajslbwiihckczjow,noimage,20.0
ohshwrtjcuousgof,F,Physics,duexfwmikmdalzjl,noimage,20.0
voviwziqvcaamynb,Other,ComputerSciences,bhfcycybkbbpyhbt,noimage,20.0
sbgtcjcfhzwjnfwc,Other,Physics,ainbuwldmlozssny,noimage,20.0
icjtjeptqprxmozo,F,Physics,kwtyavutejazoxho,noimage,20.0
gjjfequomahazhlf,Other,Literature,ybkhijiojcmkiudu,noimage,20.0
dgozadquwerpsjfj,M,ComputerSciences,qmknsshwrxwxdcof,noimage,20.0
gwkqofmsjxnfwter,M,History,mnocpadoqqjhhqrs,noimage,20.0
ogvihxzyahspooda,M,Math,tigkhxyvhfdwlyud,noimage,20.0
ewoxecgsixzjeava,M,Finance,pxzyzirlvhwtsvdj,noimage,20.0
tabpbkfctxqkmmqr,Other,Math,heqfwxagiwkfgqfg,noimage,20.0
txucjpsimebuhdxm,M,Finance,osyhrlbocghxhqax,noimage,20.0
wysglentpkmxmuqn,F,Math,olceunbuzevveoiw,noimage,20.0
qemgjjthkkwmrvtx,F,Linguistics,kpaivbpmmdymsepf,noimage,20.0
jorrtufzmqqmfenz,F,Literature,zmohftouczyuaalg,noimage,20.0
kdnddsgjojoeuows,Other,History,iggqzfjygsqwvysw,noimage,20.0
waacvakwjhootkix,F,ComputerSciences,jqjhfldbzgccnpwz,noimage,20.0
nnglvzarjqfcwvpa,Other,ComputerSciences,ykwvyeahgiqvzych,noimage,20.0
deieppcbnoylguyu,Other,Math,lnbuxpokmgzkfcmj,noimage,20.0
jbcmzyeuykcxntrc,Other,Literature,isrschuuyxfefbjo,noimage,20.0
uzyriuylbtwufqdy,F,Finance,pzqnyqpoeobyxkva,noimage,20.0
pfgewwlbgvnugfyf,F,Physics,odzvxqcpzunfzbzb,noimage,20.0
evrdgaaoauviexvu,Other,Literature,jxzuiatuupeyarwp,noimage,20.0
zocvrsorurkmslmi,F,Physics,qmaqvzoumihkxyuq,noimage,20.0
advxfamlvlyfwvsk,M,ComputerSciences,ipryizyhocvlrugu,noimage,20.0
pnjpujzhabqczews,M,Physics,wtnvmulxmsqmodog,noimage,20.0
ixzuscekkerctepi,M,Math,excrcqgltypjhfzc,noimage,20.0
uzmlzziiisxsaqjw,Other,Linguistics,ieqgbdqncxzkkbvo,noimage,20.0
bfngxeefezxrqahn,M,Math,cechzjimbkzljror,noimage,20.0
httjvglbxrmwwqpk,Other,Math,ghwpqyvsbmwepnpv,noimage,20.0
pkwnwwvapihfozmm,M,Literature,nxvoewjdrheajdtf,noimage,20.0
vdfdhijgttahjfre,Other,Finance,cguktvjpuxfigwmg,noimage,20.0
spzmqlnwdclkhasj,F,Physics,imdypmwnhcwapgll,noimage,20.0
bepkzqmqtatkouio,Other,ComputerSciences,xaazqpmfegdrfjxg,noimage,20.0
vjumwealpotqvymp,Other,Math,ejldjmyykfczmdbu,noimage,20.0
ckdwoyxnkwfxmxek,Other,Finance,mcwszsnxnudsiibm,noimage,20.0
qqmhcwkqvphqqfaj,F,Physics,mlqpbnltfqcvaaoa,noimage,20.0
aztpmbysxbzxjdhh,F,History,acxaawxrdxzufljw,noimage,20.0
gqzpmmsbxuhnwxja,F,ComputerSciences,uctduxktopwvgjds,noimage,20.0
ixhfhonefluabfef,M,Linguistics,afzzwbztuxrpsnwj,noimage,20.0
pywyadfkjvvuojlf,M,Linguistics,mxyodvtjglaqqxyd,noimage,20.0
npynegzzrnlchfin,Other,Literature,pjoagnfnqfvdrlmu,noimage,20.0
gubvoycxtkvpabqr,Other,History,etudqbsjtvvhsath,noimage,20.0
mrcqfjqsqwgiibvr,M,Physics,bgwhgrvvqheikdav,noimage,20.0
lqhqjzdslkknxepq,M,Physics,hpiopfjalxypidtl,noimage,20.0
mnnpkyfhcevxexiy,M,Math,dtjtdnviatbmisio,noimage,20.0
nvdaijdktqvhualn,F,History,yvbzbfphrefuibfu,noimage,20.0
ykqhxqarskzahulh,Other,Linguistics,krdxazgoriewtgzw,noimage,20.0
iuxoaoyboungkidl,F,ComputerSciences,wqucknrogspwxkbv,noimage,20.0
agomozhoduywbxrf,Other,Math,xabazjjxvddkxxdn,noimage,20.0
pilovurvijphnyyc,M,Literature,rllzfithchrfddrm,noimage,20.0
tedonywfaeuuwzku,Other,History,kicqmirjiakckotz,noimage,20.0
iakfmzealnzweiak,M,ComputerSciences,mdnolqgmahydohfx,noimage,20.0
luuxizazzaiuqhxl,F,Linguistics,rjtzoulfoelxtopv,noimage,20.0
redtrtdjvsykjszt,F,Physics,nhbueuuhcfypcaow,noimage,20.0
zgeqwniyzmjvfsif,F,Finance,zmkvtgadeadvavvg,noimage,20.0
kibhsxjvhpyqpnlt,F,History,qfzntnlfmxuiolag,noimage,20.0
mrpxqaqnmaebgowd,F,Linguistics,zituvheqdjrirrnf,noimage,20.0
eveprkooxlnuqkyn,Other,Physics,clixpsaljikeexro,noimage,20.0
hbnjyeyhkxyweinh,F,Finance,edqolietjhgixixr,noimage,20.0
dhcxsjfrymczdbvj,Other,ComputerSciences,tnswcgmlaxbfujuq,noimage,20.0
pdgeyfqjeitgvvpe,Other,Math,bjpkibfszhjtdjze,noimage,20.0
umolbvqomfvmnpor,Other,Math,xdwpajepdtgmhwnw,noimage,20.0
kmwifcypnnhjfseh,F,Finance,wqnfblyiqlpbjlaj,noimage,20.0
lbtrgmogrtcehxcc,Other,Linguistics,prcvgkoueanmuyid,noimage,20.0
vgdfoladqpngpbsl,M,Linguistics,bavvurdadtrytqiv,noimage,20.0
zlqqmusaxiancqfj,F,Linguistics,ndssclfewjxrbtmc,noimage,20.0
dqsjlkrhyfhijbfx,Other,Finance,yjnmfnkteiffcmuq,noimage,20.0
notroezqbjmvocyb,M,Literature,jmbpvhcsgeyrtjqq,noimage,20.0
sbdaodhcswwamdif,F,History,pfjnazchmzusekjd,noimage,20.0
egfahoatljpxrgzx,Other,Finance,qhwfxdxqnxlmdful,noimage,20.0
wgbzrobalsxnkakt,Other,History,vbqmqxbglklopqgh,noimage,20.0
lyjdrnuubjxabpdk,F,Linguistics,mjutfxcmbnkmwduq,noimage,20.0
bkkcvvifplyemcqy,Other,Linguistics,tlcohdiglwwxglyr,noimage,20.0
wrvqynlwcswvurno,F,Literature,lixvfolvaiqglspu,noimage,20.0
xfoewnmfboydnstg,Other,Literature,grckekrxaaukxuto,noimage,20.0
ahtswzqwxjyvyewf,F,Literature,fgvyagvdkplnowfr,noimage,20.0
hdelopxtavcjlspt,M,Literature,ihcsgrgiubfxtion,noimage,20.0
ienndgvpfgttsunn,Other,Math,mrmmhqcdtmzkeqbe,noimage,20.0
eviscbekqbyqilwt,F,Literature,wvclxjwlouoosuzt,noimage,20.0
qogqqhoajeuaqwok,Other,Linguistics,dhpowmqvqwnkactv,noimage,20.0
vbnrodmwrjpdthyk,Other,Literature,kihwgoptcegnrtyj,noimage,20.0
uojfwlivgiswliin,F,Linguistics,ndyxjwdfibisndte,noimage,20.0
ijnxsbxkgtdcgbpe,Other,Physics,jsrcjgftptrraamu,noimage,20.0
jljidkywwirfhowk,M,Literature,znhxqkxehnjovbgj,noimage,20.0
eymhmquybmeiwkqe,M,Physics,zxwsytolipmrzblo,noimage,20.0
vplyvkqppvzcxxic,Other,History,wmrbulbzutkkrfsz,noimage,20.0
auajpqjiecadudxh,M,ComputerSciences,azgkquqdnfkqedae,noimage,20.0
ernadtxecxvqftqd,M,History,uijeeuecdstsufhf,noimage,20.0
kesghfdeoxtnjhhe,F,Math,fccnfmjpcvnhvjsn,noimage,20.0
jxyfrmbowrctbykn,Other,Linguistics,olzrroyucuhxrccc,noimage,20.0
vmupjnrwopcafjfz,Other,History,ktaexkvitjrpskmf,noimage,20.0
lbotwxemyrkbuhpw,M,Math,uzuydsdshewkcfjp,noimage,20.0
cggtqycqrsfvfpuh,M,Physics,gadkoqlzaipgqagt,noimage,20.0
htcmpczavlzeyjkh,Other,Finance,zbdlabzmojiwhwhf,noimage,20.0
wckfqmznvyxrjqns,F,History,jawyhmmqnocjprrk,noimage,20.0
xyjginkbvwocsipp,Other,History,unpkigesbhwioufj,noimage,20.0
psfdmiblngghcpqy,Other,Physics,xvahimhrghknfcjt,noimage,20.0
pephhogpbypygerg,M,Linguistics,fksbtlcovlmgypar,noimage,20.0
pcbmjxtorsdgmbkk,Other,Physics,nsvlxyzftcgsiahe,noimage,20.0
mggukgsttgkslcei,F,Literature,xtyvjobbcxfijnot,noimage,20.0
adosrsnibavsoqsk,Other,History,nunhnzrydckyqnqs,noimage,20.0
kqggaenoxpdhvmnk,F,Math,dwivlbwejzulwoha,noimage,20.0
eszqbcamoqbtgyjs,Other,ComputerSciences,pmdlwlaltgugohid,noimage,20.0
mrqebuqjnzkgxelu,M,Physics,gqwwcocarguozgli,noimage,20.0
zvuiqnjhkpfhpuym,F,History,immfrviiltdzdoqo,noimage,20.0
xlkuejhnlyohikya,F,Literature,ntfimnwcysosyfbj,noimage,20.0
ulkxsufaehgjznpi,F,Linguistics,zapkxvrjsuxhltbm,noimage,20.0
qrdntxfzegzdnqot,F,Math,lgfkbdwejekidqgo,noimage,20.0
phpajjiynnwaxuah,F,History,lmvudadkonbcuaru,noimage,20.0
zpsyuafrigfkkdms,M,Physics,yzgperwhomhiuffp,noimage,20.0
efaymhktgoewolnz,M,Math,vktonqqdjkafoxiq,noimage,20.0
xzkwteyvyudimkjm,Other,ComputerSciences,pvqlaicpqibvzmuw,noimage,20.0
ebdlayidyusfwglf,Other,Linguistics,buzlpwofgihhgtog,noimage,20.0
pqpjrfswqrinyspj,Other,Physics,pokjhgpgsxvqzxzf,noimage,20.0
kdgqejjapgheuldl,M,Linguistics,yvquvbtevylekmms,noimage,20.0
xehdljxutkissluz,Other,Physics,bypewmrbcigohacw,noimage,20.0
rcwuwgawagmmnfjm,Other,History,ybbwuyndyecxpabc,noimage,20.0
wbfynwuciqjzbrmh,Other,History,vniszevdhylqbhue,noimage,20.0
fmxcglitqxabljyb,M,Math,pwanpdwmuzutqrxa,noimage,20.0
eofgliywyikkyoya,Other,Linguistics,enwjhfesaqqrggse,noimage,20.0
yvbfqxrzavrnjmkr,Other,Math,plpilpjegegkygqd,noimage,20.0
ftzlgelljxasswck,M,Literature,xwnxbqqjdgxgwxhy,noimage,20.0
qsuhrbsbtjrymqan,M,History,ispofxcumngvopus,noimage,20.0
sqvtxpcpqdkjddta,F,History,xsqkapwknervqwhc,noimage,20.0
kevejndepinbzymc,M,Finance,ucpiioriuwtraqwc,noimage,20.0
tjgizxkzlqjooofx,M,History,govlcwloyeyetksw,noimage,20.0
dwhhccmupmiqrqeu,F,Math,yqeowmpoirhbwpan,noimage,20.0
tqpttafshqkexllh,F,Linguistics,rpaklycrwpapvyue,noimage,20.0
pdrdxkvtqctxqoph,M,Finance,nimnhpqmedhbyago,noimage,20.0
etcwoaqnzpdtwnoa,M,Physics,cwazdphmcsyhifno,noimage,20.0
xeolkugbxcjqjfpy,F,History,tnqdchgtnrmsjrai,noimage,20.0
tgxirjbcrjcfjfbf,Other,Physics,xoegtgchcydzpsfn,noimage,20.0
kuuwbblayzuelsql,M,History,bmlbbjkjczcfkjlm,noimage,20.0
dyivhttthjquoksz,Other,Linguistics,nzpdudfrzirmbzjl,noimage,20.0
mdzoadojjnoitwzp,F,Finance,vluhpstoldeimwia,noimage,20.0
fpjxcvjmxwvcuoyz,Other,Physics,frgykzycreqkepmr,noimage,20.0
tzlwzhnwqxskkddw,F,Math,sfmfmhxprufkzgkg,noimage,20.0
wjehhlplfqsicfee,M,History,xmwwnnbeiwoxlghy,noimage,20.0
fplwtpfefndclawv,M,Finance,vlhwqkvsaxemdxje,noimage,20.0
zcmpletrdcmdogds,M,Literature,pfwcajdraendhogz,noimage,20.0
rylayeiundwhrieq,F,Literature,umbbnubswkshtjjm,noimage,20.0
wedwacvowewpufwu,Other,ComputerSciences,ywdusonywdhmlpqx,noimage,20.0
bxrsukcfmuqvgoti,F,Physics,gzxwmxgpnskbhiqv,noimage,20.0
ulcxqrisnwowkbwl,F,Physics,fndbpxcufkukshkw,noimage,20.0
ukubajqbiuyqgcnb,M,History,zlcyvooypzhkxdqb,noimage,20.0
ujevqttlhbtjgmqw,M,Finance,auykncmunzydvgsc,noimage,20.0
qsykfxqnzucufpqg,Other,Literature,fehnloocofrqnxcb,noimage,20.0
jjumrifdmggkcmad,F,Finance,jxpuoqdkijygxgap,noimage,20.0
ienxlarmzpdrueun,Other,Literature,eonalcbrpozrhxbs,noimage,20.0
yuvmsxhvvrsgpofl,Other,History,xswtrdzocqcppwlw,noimage,20.0
sablewhlgeghpyfd,F,History,vtpycfojwyvxrhhr,noimage,20.0
hushvizcahhcnoba,F,Literature,eyuzugxlouhvuhuf,noimage,20.0
jtbvbmwlblvnhghk,M,ComputerSciences,yhwmalehejhvfhbd,noimage,20.0
tsdsjmepluolconn,M,Math,ngxajuhpkkxviqov,noimage,20.0
uheptdwiqslbxjvb,Other,Finance,naenkbeecfsrfgmv,noimage,20.0
lcmwxrxziwxylsvp,Other,Physics,ifbmybhnwtdwlnec,noimage,20.0
esonsxxhzbfazhrv,Other,Literature,bhmmuhbwihyvexpj,noimage,20.0
armefwprytrlbght,F,Physics,cnupntnsxkufwtim,noimage,20.0
cupfsztjnzjbagwo,M,ComputerSciences,hggxrcxcwgikbkxi,noimage,20.0
bwtuthtmqkeqavjb,Other,History,hfdkjnxheyioeuiy,noimage,20.0
sopowxxdjukzjfis,M,Math,szwxmdydznikkaor,noimage,20.0
xgeskyinflnqofoh,Other,Physics,nljypbcmbwqxgtvz,noimage,20.0
apzoqvtweokudfee,F,Physics,vslgtngmbclnogxm,noimage,20.0
vrouufdegsdqiufl,Other,Physics,fopwukzlfwgocfgm,noimage,20.0
dsszwrfafakrpudw,Other,Literature,tnpfnyiakbnvfuxo,noimage,20.0
ioeuociamwynzkfp,Other,Physics,uuqntkgyomeffnpi,noimage,20.0
rrnwimyqomobsqxs,Other,ComputerSciences,znmptfgcebnmphnd,noimage,20.0
jgmqcfbvbjrnuzjf,Other,ComputerSciences,irdbgwcxocpnmvul,noimage,20.0
bftbvluoihuxoaki,M,Linguistics,nggngglzpozlmntg,noimage,20.0
pjgcluqhdcrwsvmd,Other,Literature,jdjpeipryhhrrdgr,noimage,20.0
dfsomdjqevdenlrx,F,Literature,zfhyoygyprboqjbc,noimage,20.0
nwdzdpohdsxjxupt,M,Linguistics,ojmuwxptybcubulw,noimage,20.0
ufzjcrsaduzbyfcy,Other,Literature,ulckaehznewgsdir,noimage,20.0
tkjauekvaramqvvz,Other,Math,yrdjyagiuoeviioa,noimage,20.0
cyzobifnpmzvmisj,F,ComputerSciences,nsduuntnyjigjtcz,noimage,20.0
zosykgkqakymzsnf,M,Math,gzgnleklypweyrzq,noimage,20.0
otpexxhkdnaoofhj,M,History,trgabbzyxdigongi,noimage,20.0
rbcgjjqgggqlmvdt,F,Literature,hxkpcpfnkzzhhepm,noimage,20.0
auzvimluagtiiawv,Other,Math,gwartuiltzkwzxqu,noimage,20.0
lffpwxqdgandgwsq,F,Linguistics,phgpebyonmmoivco,noimage,20.0
cszdllovbunmduno,M,ComputerSciences,tipvgavgwkamkhtm,noimage,20.0
ryqpbahnqgvtlzgs,Other,History,tcgtsptrmkxhzzer,noimage,20.0
muvcpdikmehwlytg,F,Literature,hmonjnfgyprxnzlr,noimage,20.0
rqxivofbgqqhrubh,M,Literature,osyexlkjvhesemdq,noimage,20.0
ozovkimyyglzfyyj,Other,History,snumihgqgqkchwym,noimage,20.0
jyecgayrqoxmdcry,F,Literature,esqobfunvidjpfax,noimage,20.0
cymoirorreokaasw,Other,Linguistics,lidqdcspwazlhvyx,noimage,20.0
ypnmkolyozzcpzma,Other,Literature,fuuwqwolfnsjfdvu,noimage,20.0
hscjlxstioeazvfp,F,Literature,pxyjobyzjyrgmvvk,noimage,20.0
cyhvkznbmfblzoey,M,Math,ndhbsuytyflvnnyx,noimage,20.0
grlttstiwtnvynvi,M,Literature,orquznbcfpivszwz,noimage,20.0
pcwoavgovnkeikld,M,Literature,htlmjyfizaqpoorm,noimage,20.0
wzvsatjwvluwcshe,Other,Physics,uzqivvajicxbecmu,noimage,20.0
ijysnonfhxzxwiyd,Other,Physics,vszlalonpnvbxqej,noimage,20.0
ncnlzjyafipfistp,M,Linguistics,shsaejhthfklimzm,noimage,20.0
hbutgylpgxkrmdvg,M,ComputerSciences,nqiyezfwsbytjstt,noimage,20.0
iqxgudsflmzjihuq,Other,Finance,csdlskqinnrxsyct,noimage,20.0
ynfwvjxzhjirnjte,Other,Math,vifgtocaonaljbok,noimage,20.0
oqidjtrvmtojobap,Other,Literature,ptunmvhjkpdsxdjx,noimage,20.0
dbgmboapjhsbyrjt,M,ComputerSciences,ywyhqirklbmtremy,noimage,20.0
kabrcfnjiwjbkcfd,M,Physics,kvsspmsewassptfd,noimage,20.0
appstxnazoxytzjy,M,Physics,hdoqmfuuyzbeycbi,noimage,20.0
tnuqclqiybtamevi,Other,Literature,fctydwdqsermzwiy,noimage,20.0
kubtfeilvrpnrmvi,Other,Literature,fyzftjgmluuincez,noimage,20.0
fslsxpswodlrjgjv,M,Linguistics,hrikizcwefcdqfqq,noimage,20.0
nqrhaasebzzwnijt,F,Finance,myuofqjaiqielvpj,noimage,20.0
yetiybjzjgundcac,Other,ComputerSciences,gitsclbrcekennxx,noimage,20.0
kasqbyweiovdeeir,M,Literature,amebpiuisgeshvzr,noimage,20.0
jpbacswwxqvaavfo,Other,History,euexrzlthevabynv,noimage,20.0
sscgteyioqtpspxr,M,Linguistics,rsiwgwaulenergub,noimage,20.0
rydpqtfyaltajmfv,M,Linguistics,lqmmpxjvhferzfcm,noimage,20.0
ooxhwslbdawathvd,F,ComputerSciences,uhtxtqumyzyyfaii,noimage,20.0
kzlticnjjzbkyohm,M,Literature,kidhjywlrulblydl,noimage,20.0
kzjdtfddqniipuup,Other,Literature,tlixieladpjdwdhm,noimage,20.0
jlbegisfkgnrqvqb,F,Physics,bkevobebqxmkxltm,noimage,20.0
chwwebqaoiutmope,M,Math,mafbyutxlavgmlzz,noimage,20.0
wfjgzsxjjsalirgx,Other,History,wxdugttyxvcpgyah,noimage,20.0
odxwlvhvlojmeviz,M,History,uitwzbderxuowvye,noimage,20.0
vipmbrznjsfupfid,Other,History,fimsqkjxsjwsxgzn,noimage,20.0
jnisuvdvjdliiuvx,F,Literature,wqopwkvakudmcbeg,noimage,20.0
gamzjmhnnmjsxdah,Other,ComputerSciences,toecstodllynflis,noimage,20.0
ajweifaduigltlur,M,Linguistics,lkjftbxucznwtfab,noimage,20.0
wenfmslodwpmhpiv,Other,Math,ebivxzmcdqjjkqsj,noimage,20.0
tomoxztbgdwbhlev,Other,Linguistics,phrmnwlskguksrzy,noimage,20.0
umhrxzqcpnrjgjtq,Other,History,srvjjmjzeksvscft,noimage,20.0
kexctfbquofyfljp,Other,Linguistics,ryxjkszwakqhftss,noimage,20.0
txchchsmvmocozpi,M,Finance,gnxqfnxmuyhcqclx,noimage,20.0
tdtzhyvlbwrgcpeb,M,Linguistics,gmevepcpirjjgrtu,noimage,20.0
fzntopbxgmjalkwx,M,ComputerSciences,ncxefhgjlkgtyhus,noimage,20.0
ujoprrhvyjqvplqy,Other,Finance,osmyquvicvruzfnd,noimage,20.0
hcsiulebhctbvsyj,F,History,sudqagxajfqcdvxf,noimage,20.0
gvaxttfhqgrxwabh,Other,ComputerSciences,lsmjffzuebwipnfx,noimage,20.0
mvhbsuyusqxoiiss,M,Math,jmircflahwqngsbg,noimage,20.0
vdefwtyehjhpmfim,M,Math,esfefarmmhequzna,noimage,20.0
oypleiuttzukwgtw,M,Math,awvohcurmyazhwuq,noimage,20.0
urfixhsqiivvzosw,Other,ComputerSciences,mnioynacvzfeolzn,noimage,20.0
fktsmtbvexijsycl,M,Math,ybztjgzyhhqfhkzx,noimage,20.0
nnzviwmxrogyrovu,M,Math,owooonjmjmqhplsa,noimage,20.0
tdjbsadxckflalnr,Other,Physics,yggrgcltzttdmyuv,noimage,20.0
cqhkmarxfofrvgxu,F,Finance,yeeubflkegfetqry,noimage,20.0
wesjlzvkbtvrgelk,Other,Literature,ecosxlgtlsijqgoj,noimage,20.0
xcpmtxychbiwphsi,F,History,dxgdopjvfmzfggzz,noimage,20.0
jgoonjvtzmpsvnur,F,History,jbhcgkvhbxgmmmqu,noimage,20.0
kmaleeinhsdjlehr,M,Linguistics,mwwfbybhydmqyeed,noimage,20.0
gbayorricstdvheg,F,History,etqlctsiydpphqhh,noimage,20.0
lgrhieupcouxxgpz,Other,Finance,avdzrcgmnaevrnvd,noimage,20.0
pzbvyxygikicqmxq,Other,Finance,ccjbyfawalabmhqz,noimage,20.0
npwhdaisktyvjacm,M,Physics,qmukfgvlefzpfpev,noimage,20.0
lalqrzkgqtpfegfw,F,ComputerSciences,dgzfxhbqpuxmocon,noimage,20.0
skoezfdtuedejktk,F,Finance,wthywrmsxsqdvybl,noimage,20.0
jojuawupjatusgld,Other,Physics,chxcveppnffmlyed,noimage,20.0
pfgybcbvpdncsljw,M,Linguistics,ksajebhbfcpynnhl,noimage,20.0
fwdwlgbahhdciwsi,F,Physics,gnmzovifgxdhtmme,noimage,20.0
fxocaxnqioplzzkt,Other,Literature,pcpgphwftymcshyw,noimage,20.0
ruptlflgnfknogim,M,History,cjvamhloeajtbzie,noimage,20.0
cwgepmaulzbsnlrp,M,ComputerSciences,gpojanhqiwhkudmd,noimage,20.0
giywugwmlrefiryn,Other,Physics,rtbehczfkqrrjtjr,noimage,20.0
ypgmeylonkspateq,F,Linguistics,myujbhgkzyuuskaj,noimage,20.0
hvgnhkvgdljjzexy,M,Literature,bqzxfgqmfedkvloo,noimage,20.0
ejnqfwuaquxurenk,M,Math,icpptahqvppcarnp,noimage,20.0
panvcscezpvtvdez,F,Physics,zvfrhokfqlgjakvc,noimage,20.0
wnxnfwtgnegiacho,Other,History,icqlptjmsfnwxmle,noimage,20.0
uoacxsocjmccwwnt,Other,Physics,hyorninqellpophc,noimage,20.0
scrffqaecalcsefm,Other,Physics,bplnlqantxdwmjmg,noimage,20.0
onmqdofqwqqwkkhj,Other,ComputerSciences,suhcyqqerwgcerxf,noimage,20.0
ysjltncdmtggytjr,F,Linguistics,krjrzgtqmupwaxjg,noimage,20.0
ozudguqpengrdnxn,F,Linguistics,ygeyibndkabiythp,noimage,20.0
odozdzxabfitpihr,M,History,ntllzjiegckswhxr,noimage,20.0
crcnovzeaqaipapo,F,Math,cjdgxjjhfpswiivq,noimage,20.0
jloxmqwgkupaeudv,Other,ComputerSciences,nznvbtfdjpzefipp,noimage,20.0
icjeozuzjiyurfrg,M,Literature,tzrafxgnwippkwjm,noimage,20.0
slruwjnfsmkugwom,F,History,gikguhxuysivgjlm,noimage,20.0
ysijkqejjicafciw,Other,Physics,hlehsnpctiywhesu,noimage,20.0
gxnaqelmyekcfpdt,Other,Math,grrzpkwjrnpwesdd,noimage,20.0
ovfjvvmffpejeium,Other,ComputerSciences,erlzzzdxexnfixdf,noimage,20.0
wqsiyemfxshgeqep,F,History,gofzbqwwlxiqeruj,noimage,20.0
ibzvvvdzcwhoyqdi,M,ComputerSciences,lxhfplvzbawgsosb,noimage,20.0
tbgjpksnqtrriexe,M,Linguistics,sizpuxfzeiwpmhct,noimage,20.0
futvhvfdtjchkhck,M,Literature,tfegkjpjhwfichcn,noimage,20.0
lzpfiztxpkmwaufk,F,Math,spyejcyltnqfihcn,noimage,20.0
xdqvbolipwaitlyb,M,Physics,xhacmkxgnjiogsgt,noimage,20.0
biifopiolwotwbxt,F,History,thirwdibvwspegom,noimage,20.0
pmtlivagetrvixwr,M,Math,gwpjnbozvcppxtgp,noimage,20.0
jxjwqzbjcdfqdgch,Other,Linguistics,oelpiqstmrqayhrc,noimage,20.0
lhzhrbsfbzphbxbp,M,Math,vqnfqvnvuezwgcrx,noimage,20.0
sigtrybfqwwqotfr,M,History,kkrptvqcxgliemsw,noimage,20.0
yhqbuosvnnhwrklm,F,History,dtefxicmkjxdhgkv,noimage,20.0
skselpwbrgvutejm,F,Literature,ykqegwdzpobzzrsq,noimage,20.0
gzmxizyokozgyoeq,M,Math,boewthklsuxbnfme,noimage,20.0
amvdcmjwijfjnyhc,F,Linguistics,pcrjxfztvvlzvbfo,noimage,20.0
qhiltfrjqtaevwtj,M,Physics,xefyclpakgmujjlx,noimage,20.0
nnszpnqqqniqwova,Other,Physics,ukwlmezfvvbwyxdm,noimage,20.0
miomxjoupjddmwco,Other,Physics,aeeerjdmnwbkjayk,noimage,20.0
wtjkrpxbrjetstxn,Other,Literature,lgzohdycvkawghbk,noimage,20.0
auccuvokdicrktdx,Other,Physics,zblswctmztjvsqvb,noimage,20.0
dsnzsfjrbqxjoloh,F,Physics,jwcdmctzrnkoaqim,noimage,20.0
nxnunwucnreefnwu,F,Linguistics,qllubjiqcxpyknjl,noimage,20.0
gdidrroxxgarasij,Other,Math,ikayikcaxbfroare,noimage,20.0
kfthahkisimmvsov,Other,History,dwcleukngeynzhza,noimage,20.0
jqhvkdqfgxhtiloc,M,Physics,tubnscbdkbzdfdnu,noimage,20.0
oznkwkbahoubxfcz,F,Finance,hcnsxwdfffhiwrtl,noimage,20.0
wcxjrqlgvfarzurg,M,Math,ibdnsjmxfetgigxr,noimage,20.0
hpmhqylpfgjcbehu,Other,History,fhiwitswyerbwmkq,noimage,20.0
bqpxnwxcckagogeq,Other,Literature,ncnxxqntyulzhord,noimage,20.0
jxldczrhgcsjhavf,Other,History,rcoxvclisclrkvib,noimage,20.0
oejryfhcxqfteaev,F,Physics,fwvdprodnydukwsn,noimage,20.0
jtbvgmutqogaxlvq,Other,Physics,geywcgwzlcwiqypa,noimage,20.0
rxnifwphnsmccmyn,M,Math,vtvcgxtyldrrbeem,noimage,20.0
htiuqlscixmobexd,Other,Math,vbsyrlbumhphkuqb,noimage,20.0
chdmujmcavfggcyn,M,Linguistics,hqtcajbymptburle,noimage,20.0
exrkpvmqovzfprce,Other,Linguistics,dfufopsmkjgbpoqf,noimage,20.0
idwtkgxxdthntepa,Other,History,jlxvrimaxvlzthrh,noimage,20.0
iyildtvolagatsnq,F,ComputerSciences,nratpbyaiopucgra,noimage,20.0
ilnqmrpfepuudqzn,F,Linguistics,vrsfttoojntcjwbm,noimage,20.0
sorkdvbszwjikyfm,Other,Finance,nikyuqlrajxurimu,noimage,20.0
qnsnvvzxboebxpjh,Other,Physics,njvembjuvoxrucru,noimage,20.0
oxyztszsijgglmej,F,Finance,ztuzgmyqdoewjbwf,noimage,20.0
ttqvbxzlmemtrtlf,M,Literature,scknmvpqsgkloyra,noimage,20.0
gcksfaxhvjqwncpx,M,ComputerSciences,zibxsrqcjcnjekqb,noimage,20.0
yacdlobqoabhorho,M,Linguistics,xexcqxvgvprsbvav,noimage,20.0
aeaqdszaeoaywmsv,Other,Finance,lgthxlwcgesgsatf,noimage,20.0
vvyobwbmocrnnoad,M,Literature,kxdfrzyqknewjmqt,noimage,20.0
kmvicayffbbectyo,Other,Math,icjytsssqnlwpytz,noimage,20.0
raejilnokprxkynw,Other,Linguistics,buatuxsljogquzgb,noimage,20.0
nkyfizhqekmhndab,Other,Linguistics,lgjpowspbmljlfds,noimage,20.0
vqfmadjafdtiampo,Other,History,xaxgnhqiaqwwswdj,noimage,20.0
qnypxxhpvgscwlkr,F,Physics,dfnlzaqwpmkfcncm,noimage,20.0
szzeufxdacjedvjc,M,Literature,bqrmpchcgzjmwiby,noimage,20.0
msezrmuarofeyvwd,F,ComputerSciences,tuncnqhsodnujlbj,noimage,20.0
abygcmrxtzqyflxz,F,Physics,frcfgjdoxztlwzrm,noimage,20.0
vlfnksbseqiqpeck,F,History,ljmsulkrsxyxclhw,noimage,20.0
jsjozbrzabvagosu,M,History,cgxkikjekwxvpwdj,noimage,20.0
ykbskfklkuivsuhy,Other,Physics,uytkbrgaxffibuol,noimage,20.0
nrbezhuxhublibxs,M,Math,kygcdkltirqgfzzs,noimage,20.0
xkakukartlshmwah,F,Linguistics,geahetfdozgnoczo,noimage,20.0
puumactlmwldsegf,M,Linguistics,ftnizvfficzuekxw,noimage,20.0
ewudpdpwsahxiftf,F,Math,yyvhrbgbhncblrfl,noimage,20.0
bzlfuugaargcsday,M,Finance,ipaoiciwngqvacyh,noimage,20.0
iwwxaebvouqjpxkx,M,Physics,mdipplnhfhwaclzv,noimage,20.0
vbnqdiqmruihqjne,M,Physics,refxivzsqtwwymuu,noimage,20.0
eycpogdypflwipgl,Other,Math,ortppqfezvcahred,noimage,20.0
frwggcqfilmioaab,M,Literature,dtclokxsqptcilep,noimage,20.0
fyyghzyoztalrukq,M,Linguistics,aikjhymncvnltwsw,noimage,20.0
tpwyfhyirlnzmsod,M,Literature,ajnqrocfbqxqmsmq,noimage,20.0
vsyjmogkifnboeap,M,ComputerSciences,oedjtsitvafodhms,noimage,20.0
hbthfxtwiqqanuty,F,Math,hicvkjdekgllkyhq,noimage,20.0
tvpdhwzeqqaikdfc,M,ComputerSciences,yvgtgrlynnbaslxj,noimage,20.0
hrsbkqqnhjkgqydc,M,Literature,gjiyotphabddftxk,noimage,20.0
fxdczsrfjggkwqan,Other,Linguistics,hidfvmxxyfpbwauw,noimage,20.0
zjnrexnfgjrqhhdz,Other,Finance,gsiwgrjbmblqmlzt,noimage,20.0
lzqfikafexhtioes,Other,Math,jhnleqlqmtdmphmo,noimage,20.0
wfjzxlucvvxjmzkf,F,Math,xuohwmcdvacobuan,noimage,20.0
suxnjtpukbuwndbp,M,Math,viqdifjvxixndtmy,noimage,20.0
jkwyilmnucobzjua,Other,ComputerSciences,wikdleqlehinafay,noimage,20.0
rlgggbkwzjomfmiu,Other,History,dyljzpluxbtvxxwn,noimage,20.0
duhhajhchyuxuurc,M,History,bdzpxshlqzeavxqr,noimage,20.0
uuhfjsjqzqitvcaq,Other,Finance,bxrzcceplxydjhmn,noimage,20.0
vrlyxkflgoyvahri,M,Linguistics,uynoxaukiaipshxr,noimage,20.0
xxjwengbxvirmidd,F,Linguistics,lotuqgrpifueirtz,noimage,20.0
faxpjmvqaimevunt,F,ComputerSciences,wvhuvkizgsdiyqpd,noimage,20.0
qztfkhvsgakjwxmd,M,History,fvweoezojkkbbyix,noimage,20.0
ttjjnzcggbxptpsh,F,Linguistics,jyzesapqvspeyerw,noimage,20.0
rsxdcrwgclwsvmwt,M,Literature,ygqhesubndxvoals,noimage,20.0
xtglffllzylidope,M,Physics,yzqrqhxzwjzzkloh,noimage,20.0
pduwotfmioamqzwz,F,Physics,ehgwedpvdyzrjxav,noimage,20.0
zrtgadjerblqmemw,Other,History,wwgbbqpiqhjethox,noimage,20.0
juipnriypupxkwas,M,Linguistics,ekxmhscvdnstfpad,noimage,20.0
jrpucyxbputcjapb,Other,Physics,romapsdjmmjzcxbl,noimage,20.0
rrbrucmhvarjdjjv,Other,History,vrlxptnmluhsxgbm,noimage,20.0
uvyldewuaoeibmli,Other,Physics,ynsrhhtrguypqgbm,noimage,20.0
qajluhpyrcqcxdac,Other,Finance,twtdvgfmerdvnctw,noimage,20.0
natjdhkfutbaqlzm,Other,Literature,sbgarympyohqacla,noimage,20.0
ulfgapzjaxmzoovl,F,Finance,tyttnnismpithzan,noimage,20.0
zxhyethojuhrzuam,Other,ComputerSciences,vvgkitcomtiryyxn,noimage,20.0
ixmmpnkeuolkicew,Other,Literature,hccviunbezplngry,noimage,20.0
uavwmagkucuhvksk,M,ComputerSciences,nrypzjjgkesmyifs,noimage,20.0
cshsuaatxplupetx,M,ComputerSciences,orbzotkzczfjfkaa,noimage,20.0
iafluqdaxgloakmn,M,Finance,rglevdgskancqyys,noimage,20.0
gbjzuiisgbkkavzu,Other,Math,pqffdlncqbwpicwd,noimage,20.0
swudrmdugfckfiga,M,History,tjdxsasthaoiwdsi,noimage,20.0
vddqpzrijphmpknl,Other,Linguistics,cjivhggdpcfrlanb,noimage,20.0
zfxhcxegyijpobex,M,Finance,ppbrvmmsfthmoaqy,noimage,20.0
wnejrshzequlydcd,F,Linguistics,grfdkguqjmojxjjg,noimage,20.0
epjkagifzyqcnqyi,Other,Literature,kgakuontaadpiaqh,noimage,20.0
juauztuxqfzgjmpb,F,Linguistics,pmobkulauyqaniqd,noimage,20.0
sibnonysvyrmdezu,F,History,duyakaapknkdcetc,noimage,20.0
wbzruvgbdnwpgahk,F,Literature,vqftvktwwolfdcnj,noimage,20.0
xoouoqnfzbmvmfmf,Other,Finance,miwrzmyuawqqvmjd,noimage,20.0
ppiezumoxirdfqxl,M,History,uptgowrjtmpusfey,noimage,20.0
bkpxnuapldiumghp,F,Physics,qxzovbqmvtktjdxr,noimage,20.0
lxxompywtxvjjrya,Other,Physics,pzvkwlpqpwdfbydy,noimage,20.0
botwhkssyayscrun,M,ComputerSciences,laiwdkdlcrbhfzht,noimage,20.0
vaqinuiyuuvfgkbl,Other,History,qttzupjsfcwhtdbg,noimage,20.0
idqrlbptbxktgtik,M,History,woxjaucqodfcftko,noimage,20.0
afvlzedgybxpjrod,Other,History,imbkktwpruxpjubb,noimage,20.0
mrbpifylrragxcht,M,Math,ykoxqntjmacntofc,noimage,20.0
ddxffhjzflmscdef,F,Linguistics,mgxvnjrrysfidvqe,noimage,20.0
vyhxqnjwdxzcchqy,F,History,roycmfrrpvroogek,noimage,20.0
qiydxxmlipimpypi,F,Math,lkjtntmywfodcgjz,noimage,20.0
ngwrbkljnbkczsnc,F,ComputerSciences,bkcvtvyedjppbzhy,noimage,20.0
hmnnrglhbewrhffo,F,Physics,wxpktmfqnrutviuq,noimage,20.0
fnakwiexynhjqjra,Other,Math,utjmlteanwstnttl,noimage,20.0
mfipejejszzyiowh,Other,History,cpgspvofvxdlyhxm,noimage,20.0
xomkzvggncbmqwfw,F,ComputerSciences,vurgmecirmngpotb,noimage,20.0
fmnowoccpkjzymuo,M,Finance,cfmcojpxonvruyev,noimage,20.0
tawbmkqrfbadyzdu,Other,Math,wsugobstpkijhokq,noimage,20.0
nvgahlvpmnglxpqv,F,Literature,aprodypqkecgtcln,noimage,20.0
puerscikkgfzgdwr,Other,History,dzgrueotqpdpjjui,noimage,20.0
jpucvjuuxrrkgbfz,M,Finance,vialplhxotvfikid,noimage,20.0
dlzvhcsvwyapjhuo,F,Finance,vfgtpyxjckrmcklj,noimage,20.0
pcukywcblvgchedc,F,Linguistics,kyczyyruytqvrvxo,noimage,20.0
baumnzotxmdpuwal,Other,Math,dscundxvuywnsiku,noimage,20.0
nvzvlzuhbfxkjvqx,Other,History,xgrbwkltzbpvcdob,noimage,20.0
prtzohlmtluwvksd,M,Linguistics,zckyrvltyczjzssh,noimage,20.0
xdwpazpdthztmnra,Other,ComputerSciences,wslqtistorhfxgwv,noimage,20.0
icdrrzwhvzafxzfr,F,Linguistics,pjuymbavyccnbzcn,noimage,20.0
fjckvuueqtcfsuip,M,Finance,ozfouvfojtpfhtia,noimage,20.0
pdiyakzenpudbzmt,F,Physics,whwuylawoejtalki,noimage,20.0
dxryrdinqobvlbaj,F,Math,smvtryzqjmeobdyj,noimage,20.0
pcwbcyvzqbhonrae,M,ComputerSciences,etozhkonvioaixpi,noimage,20.0
mntpxotbfgqoneor,F,Finance,pfuuasripzpzryqw,noimage,20.0
rtejsbywepqzknao,M,Physics,mprjapejhzpemigl,noimage,20.0
tjsssifzgcuszamx,F,History,emqdufljfixvskzz,noimage,20.0
idjlcqsvvtgedapr,F,Literature,npxpkwetlbhprooh,noimage,20.0
wsvsmhtlyohompwn,F,Physics,rpugduorehktidlp,noimage,20.0
cldxmlxwkqgrtyzr,Other,Linguistics,wwfkqmntimlulpcq,noimage,20.0
tnsnzibkqxowgjmi,Other,Physics,wsteygntgxcexwqp,noimage,20.0
outgumelanjdycih,F,Finance,bdkshptnyfbhkukx,noimage,20.0
ufwvbpyhjneidzox,M,History,irsnzyxfcusqmlcn,noimage,20.0
ustvvjeyutokyaut,F,Physics,qucngrbotkifriwu,noimage,20.0
wxdckwdqwcffxxoe,F,Literature,nqngnqusgcovptuu,noimage,20.0
anqwvgmgcapxjdia,M,History,crqghqwkkpnwrgho,noimage,20.0
lygvapessrivkvky,M,Linguistics,gliwnliwaonziwes,noimage,20.0
cfndbhsuhkvnfzox,Other,Linguistics,dhflohydedikwiwb,noimage,20.0
rygrvtecfswbszls,F,Literature,dvzfazzjitwzsodb,noimage,20.0
rbryjpxzqlpbdjpd,F,Literature,iysbyuvicmtfpsax,noimage,20.0
qiyanruumclvjagu,F,Finance,vystvtqrmvzckxpd,noimage,20.0
yllqzazlninsjeme,Other,ComputerSciences,mugpunwqlrbnxvtu,noimage,20.0
hiijvoiqtddssmin,M,History,yzxlkzdcdtwzfyok,noimage,20.0
rfjqiquennwrersd,M,Finance,ghgmmfrbzlzxnamz,noimage,20.0
krgrthtivjqomdho,F,History,xsfajgsvtfqdfoay,noimage,20.0
ukzrdphkpedplipl,M,History,mtrizcnpcovmatrt,noimage,20.0
lluyvzprflybwfvh,M,History,oqzgbyjznizfmxjk,noimage,20.0
hdpfbbzamhkgqbpr,M,ComputerSciences,rgvqcpcgpjtfnvvj,noimage,20.0
xzfblalngqbsxkxo,M,Math,fmjnwplzsfivauhe,noimage,20.0
qlwozsujeswsfsxd,M,Math,eswhbvzrnhfykxrx,noimage,20.0
qqscipmflxbvvtod,Other,Literature,pkflardbstpmyfag,noimage,20.0
rhzrfshaszlsoghe,F,Math,zskbppcejqucthti,noimage,20.0
yiukgfoxoshxucyy,Other,Physics,pqqpmodfkruotqtf,noimage,20.0
fymwnfiavpvvpxym,Other,Math,mrzhjnqbuwvrmalg,noimage,20.0
drqvszxivesoehmj,F,Linguistics,ddoagzojfwtngbxo,noimage,20.0
vigckdbuvnctamim,Other,Finance,igwfpacnkjheydad,noimage,20.0
nhbqjgpnbwkyovoi,M,Math,plnzoxhllzhzpymz,noimage,20.0
soggktgheyflpisc,Other,Literature,vaxfpkzxvtxkjcxz,noimage,20.0
wtunyokgmswphwro,F,Literature,ktelmyjuxsmnrvrh,noimage,20.0
mdjedemcypgaoclj,M,History,bfwqzvefychzqwop,noimage,20.0
yddhkurlfxmokuog,Other,ComputerSciences,zuhhbipjhciamynz,noimage,20.0
mhpvguagovucinki,Other,Finance,ofemzvqrkaueypha,noimage,20.0
hesbvjlfswnxagre,Other,Math,dafkjdxibdecbsny,noimage,20.0
pnxnbxuytbtqygwv,M,ComputerSciences,nljjlkfoiloauldi,noimage,20.0
amizaewpjuhwaatx,Other,Finance,rvobapwwetculinw,noimage,20.0
derhyehatujxzxez,Other,Math,xctnqrdfshsoqzgv,noimage,20.0
ljeunfglkxabniff,F,Linguistics,pokfgjvvqreulkas,noimage,20.0
oymsifbfmouzkynv,M,Math,xbdyxauouuhkpyus,noimage,20.0
bmqtuxzfgotvsoan,Other,Linguistics,wthtwrgrvsozajdu,noimage,20.0
dfwcyuommgrbdrfu,Other,Literature,hmoshfymzivqmglc,noimage,20.0
xasomusvnghvysps,Other,Literature,bsslfdljvutcerkw,noimage,20.0
lbligphmnjmfsxhs,F,Literature,dqxzljcaahbumbnj,noimage,20.0
fjrybsgvtdtsjrbv,M,Math,govrmqjpwgwmytnc,noimage,20.0
iavjtinhpskwgwsg,F,Math,ezxmkjaylvmgpdip,noimage,20.0
yjkvsdxdqmrzpdhz,F,History,brchidorindwhywy,noimage,20.0
fzgstibtxnsydnxe,M,Linguistics,bmvxswzefspgdgvx,noimage,20.0
slqvtknrxzigryys,Other,Literature,hsslrvxtcjqdrcao,noimage,20.0
tudeykfldispldci,Other,Physics,lostosxgbzjubcyt,noimage,20.0
oaurskuyiqorghyo,M,Math,mmvvvuujcpjygedy,noimage,20.0
wotakfemblbjlkvm,F,History,ktqxekntvtjlmdcn,noimage,20.0
qtnbdypeungpwtre,Other,Finance,zprsvrbuwgfgaljs,noimage,20.0
dlfiqxplncgoeruh,F,Math,afgrvygsbabsqifk,noimage,20.0
lbandookggauavog,F,Finance,kwsnrvvwtkdhgvoq,noimage,20.0
rocqiznshkltsuzd,F,Physics,gqzosgfoftblcarg,noimage,20.0
sjwxrwczshwddvhl,Other,Literature,pfjvievqbwlzdool,noimage,20.0
yjszhqxphnljcftn,F,Linguistics,sbevnygolzvaeoqe,noimage,20.0
eorkjbyllgwaurmt,Other,History,bttxaqhsaqcnbxrd,noimage,20.0
gugezgahbcackyuu,M,History,cgogyqzcinmczcdc,noimage,20.0
kyynrxajyyxxhklr,M,Linguistics,aoxagwyfzuomsllr,noimage,20.0
vmnytcnuybygolvi,M,ComputerSciences,frmvrnnvfqjkaizr,noimage,20.0
zqxsepargsxstubt,M,Literature,bzebekchzjjlprbq,noimage,20.0
wlxiosndqkdbqlmx,M,Finance,vcoihdbkwgyypgtu,noimage,20.0
dpqonnaolkcpopmx,M,Literature,tvszubiphfjridzu,noimage,20.0
mojyvodyezfqhddd,F,Literature,ykmrwcpbxyjziwfn,noimage,20.0
vbjhnpufqxsfvldg,M,History,wdywfupgraekyqat,noimage,20.0
icweuizrutesigow,M,History,ffhlbrteintcgvxn,noimage,20.0
zelggtmsybbrrwgs,M,History,oinddvqshhxlhgee,noimage,20.0
alskxcdarpbqzkqp,F,Literature,kaowfnbwbqqpkxfa,noimage,20.0
xuozwzvncmnxhxai,F,Finance,cbmjycfzeidiviwj,noimage,20.0
prmxwqjoavwhtwbd,M,Finance,suyddiaoljnfjmdk,noimage,20.0
jpokqryhfedmqukv,M,Math,snhlycuqqhzahcbu,noimage,20.0
zgpzgdtkeltyefuq,M,History,gacboccthsvdexki,noimage,20.0
jvmpqycvzezzqykz,M,Finance,sbykmsojnjytqzbt,noimage,20.0
eoxwyxmabxpjhlrm,M,Physics,sstvgmnnahmwklfq,noimage,20.0
txkxpibqnhzthbwg,M,Literature,qkmwiongtapkdsng,noimage,20.0
kjisanvapbzutsqc,Other,Finance,fhumohavshgxmaan,noimage,20.0
zbpubortgfibyjdk,M,Linguistics,qwncpuqqbchqvrhx,noimage,20.0
livydbvpduiirlaa,Other,Linguistics,kmgxhocftsoifnaw,noimage,20.0
oqhwjfzacwyldjeb,F,Math,nutpcnonbhzepfyf,noimage,20.0
djdkxdunzgwpmgtt,F,History,dlvmmyfnfnxqdqqa,noimage,20.0
lqszgxtmdtwvraxf,F,Literature,riskqgnqnnwdxfvo,noimage,20.0
wfswegyqryegresy,M,Finance,dxskdojknumktirt,noimage,20.0
eiwfnpmfqxwonmrx,F,Finance,iurzrrtcnidvkrab,noimage,20.0
pjhokkwwxjjnqyku,Other,History,rdoguqukwxfblgmk,noimage,20.0
zyxeuvbkupxzyflx,Other,Physics,ihnwzfsmdytxafzu,noimage,20.0
ptznzecpmgmvbvga,F,Physics,quuquhwtmhkkusgb,noimage,20.0
fiaxhhifqsixyjof,F,Literature,kveqvrkuvbpdbduk,noimage,20.0
skbzrrvbqgqwzkit,F,History,oawtwjximjpzblyx,noimage,20.0
jokpnyyqovggeefu,Other,Finance,bfywzxkywwpoymfl,noimage,20.0
qpwovomfubvxvynu,M,ComputerSciences,ypgmonjrvkqnhvph,noimage,20.0
eqzflsctypvrdaix,F,Physics,bfjtvylanjztslth,noimage,20.0
dsdjqgtjvyggugsg,F,Physics,qwnyxbdlbubtlwje,noimage,20.0
pnlbdaqspvapwkzb,Other,Linguistics,yskgnybhvcwwnboe,noimage,20.0
nvnqksqxudduixgk,M,Linguistics,dszwuazaeirvrixu,noimage,20.0
ataujooniieatzzm,Other,History,elitosxrialwtnxl,noimage,20.0
kksohyonxhpydder,F,Physics,sgbudbzwmtgsdecm,noimage,20.0
jhonojywwwavireu,F,Physics,pirkcbizwrfasogo,noimage,20.0
vlbidazzrwsogbnv,Other,Math,sddpxqmnqglbqiek,noimage,20.0
xvakhrpbvkmndapo,M,History,pxmamdaiwcqmtiyt,noimage,20.0
ctwndqcntkbmsprz,F,History,gqkcdbhobmwuplnw,noimage,20.0
efrxndgzicjnekpw,Other,ComputerSciences,lwcgzwybkptahnhc,noimage,20.0
bookfsnfwsgczjsy,Other,ComputerSciences,pagtmqrzcmdchhuo,noimage,20.0
vyeskwvdtqagpjaa,F,Literature,ryqnbjhuytibuftz,noimage,20.0
mqqhvpytsoemnpse,Other,History,gzncvnrylaozjhkl,noimage,20.0
sfinngodwivuczdu,M,Finance,ssrowyoqdhabrcmf,noimage,20.0
nmjlwzmemxftgzpn,F,Math,vxgkgekkovwfcedk,noimage,20.0
lutmhjclxfmmgmvn,Other,Finance,rstqdyxvecgogxte,noimage,20.0
pldeyqqccmqrbehb,M,Finance,kekdglivgnjgtujp,noimage,20.0
wmcjjctoyvbnkwxe,M,History,cgqwlhrrybetmavu,noimage,20.0
kxgymzpchndljhfp,M,Math,rixsajmknacbggdw,noimage,20.0
arfcrsaeppjvvtlj,F,Linguistics,vwqcyopqpmlfwytg,noimage,20.0
xrlymwaszdljxdqo,M,History,oecjkirstvvsrnwa,noimage,20.0
hvxlnmlcvtltzctj,M,Finance,ukbggnarhiyimiow,noimage,20.0
hxmkixfemtmwebwg,Other,ComputerSciences,lrdigyxlphwpyxvz,noimage,20.0
qsasnvlgfgmlndzi,M,Literature,kbrwcgzrlklugzas,noimage,20.0
qedtruicdkoyheob,F,Physics,mzodyydyagqzhaxk,noimage,20.0
rgoeiobdviujscdv,Other,ComputerSciences,akaidxwaucpumzht,noimage,20.0
axnwfakfonknkkce,Other,Math,vwuplkerdijdzjmt,noimage,20.0
wasokoquxbiiqamr,M,ComputerSciences,yovbbzylujlfslqt,noimage,20.0
zzeupxojsuhjjbpt,Other,History,xmmmymwzhhdbhpsh,noimage,20.0
clytqyunjbzeustx,F,Literature,qqudkohvdegorlvk,noimage,20.0
orxfmtfsornuaogi,M,ComputerSciences,yegvcgwvhxdaictm,noimage,20.0
tdabmiwzwwsypwzk,Other,Literature,kvvwgicrmlfjbkew,noimage,20.0
trhozgvtdighevuy,Other,Finance,uckzzxvtfyavpirw,noimage,20.0
svnqizetfnnoiacn,F,History,iaarffgfskqddknh,noimage,20.0
qllkrhpgsccmzuzo,F,Physics,zbqxswxuarcgjtsp,noimage,20.0
kpaoonqlkzrdfnkc,M,Linguistics,hrtdetpkvnkcuuzx,noimage,20.0
dkameuaaiglinwrb,F,History,nnakmwgosjwtexrz,noimage,20.0
clozweecyhwrvgyz,M,Math,tfhslwplwdaewyfe,noimage,20.0
hdxotzjslivgqppm,F,Math,ytfurtywrbhduojq,noimage,20.0
jedagqpsxupswtsf,M,ComputerSciences,sjaoqvfgokhbxlgi,noimage,20.0
xdbekexbxdrfseii,M,Physics,aqirepssxdxdgbdv,noimage,20.0
fohbxkiefwswizqz,F,Math,bkfssaexxdzyazmy,noimage,20.0
xtfkaongumfxyvxe,Other,Finance,dxgnhdlztffrzcov,noimage,20.0
spthlbfntbndexwz,Other,Linguistics,efnpwugkpdoiexrz,noimage,20.0
abhzijxztxvdxpre,Other,Math,zaqanwobesuspqzc,noimage,20.0
sbyhlyyzdnrmznxu,M,ComputerSciences,rlljckbglwsufrtb,noimage,20.0
lzsrxdfodimskcsp,Other,ComputerSciences,genalpmkpuaagxyi,noimage,20.0
zrsjoyimdzekgqry,Other,Literature,flwmdsphzdhktzsv,noimage,20.0
jlqitdytrtijamfw,F,ComputerSciences,nlpaxylwuiyulkzh,noimage,20.0
pwaebkjcvnyxliiv,F,Finance,jkzbebkmnsyjrbga,noimage,20.0
qhjpimfmfwyvbqpi,F,Linguistics,omfadgznnwyzpgsd,noimage,20.0
uutecvvfqholhpdz,M,Physics,gkgmfffbfvbbfndj,noimage,20.0
oeeisicsusvsxeas,F,Physics,ravhmewpxjrpvdpo,noimage,20.0
iyuybmwthfopncjm,Other,Physics,idmpzdpjojvxvgli,noimage,20.0
nyjyfvdrcigjdupf,Other,Literature,bjcqavqckaoyeqgc,noimage,20.0
dzdyksipkrdfnpzr,Other,Literature,lnolgonxujabusal,noimage,20.0
qigantskmszgomqe,Other,ComputerSciences,qveilhlbxbxebksh,noimage,20.0
wtmjrijqxmlafhze,M,Linguistics,znhulgtnhihrmixh,noimage,20.0
zagthvmytughjjel,M,Linguistics,xlvopabjdhzwtaxf,noimage,20.0
hhbmcfuhgkpmysmg,M,Linguistics,olxagwnrkqwgdbur,noimage,20.0
irwlivtlcabwhomh,F,Math,lggssagxnhltcmwq,noimage,20.0
xzguugdoezaewrjc,F,Math,aumymkyjzzzlycty,noimage,20.0
ifqslifuzlozgtlu,M,Math,fqekbifxfncypmiq,noimage,20.0
tpzvouzexipoqhhs,Other,Math,wqklrrmsijojpxau,noimage,20.0
rttnobzvjoxayzwh,M,Literature,oxdptkiodezzkpzi,noimage,20.0
zpjywebzatewndyr,Other,Finance,sforeenbwdowhiei,noimage,20.0
bgsknhryijdevxgn,M,Math,bsnrfburlfggmskk,noimage,20.0
sverlbibmgehdggy,M,Physics,uumizydfnmoqmgqm,noimage,20.0
tzpwbhavdbezrjpc,M,Math,fmgmtfxtebmxeemf,noimage,20.0
ohxaaewrqbcggvdo,Other,Finance,wzaldztcacvztmye,noimage,20.0
mvhrwqhnmjdqycdk,F,History,swhwfxqfuyccdmfr,noimage,20.0
yxbuzmnijbzhekgj,M,ComputerSciences,edljfprgckrurgvu,noimage,20.0
jtzsosknuezqihdc,F,Literature,fvjlpblypkesevwo,noimage,20.0
cgaswyvjbnmdecgw,F,Literature,dzdcmjtpsajoaamr,noimage,20.0
avlfptflcvxdibbo,M,Linguistics,rfhjisarpqkphryk,noimage,20.0
xytrgtqdilrzmmql,Other,Finance,sjjohwgzmcjnrvcn,noimage,20.0
umsjxpirszhwwhdy,F,Finance,fyktzdfdwevffvns,noimage,20.0
fsdnwddyndmyducw,Other,Finance,kuyzpapioenlesaa,noimage,20.0
litvhfdlxnizxkcs,M,ComputerSciences,xdypzdiszghqymht,noimage,20.0
naisdhixvtgmozbn,F,Math,wuoxllpysvvcjmfi,noimage,20.0
amsfzhjwnaczxdkp,Other,ComputerSciences,fdxlfsdwcerfydkm,noimage,20.0
gpxxpwwcelkgzjgj,F,History,xftkawscrfglkjxw,noimage,20.0
xftnrpqpaxgybhki,F,ComputerSciences,ijuqcjpdvrynraqt,noimage,20.0
smkvsbvhokwvbrpg,Other,ComputerSciences,wxhnsqrlqceobxei,noimage,20.0
blozunduaqownyqx,Other,ComputerSciences,mohpfonhpvzwpqnr,noimage,20.0
arinqoafqqlhfeql,F,Physics,senpkfaxoaqijowy,noimage,20.0
tundgiefngumgerb,F,ComputerSciences,euamrwfifquxoqpg,noimage,20.0
oitrwobsitydmvsz,F,History,ppurneeoirjnmdhc,noimage,20.0
difpwnqbjljzrrwo,F,Physics,gjwnqdejaklbhavh,noimage,20.0
rheqawnmwxhljldh,Other,Linguistics,omwirzzgwzlaqlro,noimage,20.0
pennwbkfrgsnfyuj,F,Finance,dengbxgsuyrffbsu,noimage,20.0
xwzqrixgrjninxmj,Other,Math,tfuqxjjfdoijczgo,noimage,20.0
ybavizzleqtexvhd,Other,Math,voknupzqjlgnlkvb,noimage,20.0
ungsxehacjjblauz,Other,History,pwdozcbzxvajaghu,noimage,20.0
gaoshlncnklqylmr,Other,Math,gyowjgblildyuypo,noimage,20.0
ffuwsqmhodbbrtot,F,ComputerSciences,edqcgtdvtppzvyzs,noimage,20.0
iutdbejrxrgbfhok,M,ComputerSciences,lebwiwlhbiwedubz,noimage,20.0
ylhakdamouxbddrf,F,Linguistics,rayctomrfbxmhnga,noimage,20.0
jpdoeipgxtxodptp,F,ComputerSciences,qfveswvdbdemtzio,noimage,20.0
jpwqzonqaqkwitdk,F,Finance,acawpsfgicfhmjif,noimage,20.0
jgkwdcqzjxbpmbxo,M,ComputerSciences,yulgugehbrqutxar,noimage,20.0
khkhvxwfrxlgcugt,M,Physics,rgjmoqhhossjjhud,noimage,20.0
wqnxrecvrcosgghs,M,Finance,azfgyocdjadatoic,noimage,20.0
rgtgtwfhtozqmggb,F,Math,kshcxpycezcwhwcy,noimage,20.0
xdkzbsmzvddnands,M,ComputerSciences,wxgbsnjfohccoeyq,noimage,20.0
cfaxqewjwowllstr,M,Literature,zgmayiwkzemboszo,noimage,20.0
umkjacwopwxhzcob,M,Math,ibdwsbpjrfqiwafu,noimage,20.0
smxprljcmbdqbyfk,M,Physics,bldqdqseofsmawsw,noimage,20.0
aavdgmqndxhbwffa,F,Finance,ypcktuvpjdfbhhmj,noimage,20.0
ahoqplpcdhtevdqn,F,History,ezwhwsaliopbwfex,noimage,20.0
pncrtrcdappnpzuw,Other,Physics,lgwiljfbvmkyntwq,noimage,20.0
mfgpuaiiyrbpjpsd,F,Math,gkujzennhplsghuq,noimage,20.0
ffmtrzzdxeldqsgc,M,History,jbymldvarvrzjpuj,noimage,20.0
kmjertlmxhtmdnix,M,ComputerSciences,cmexvfwwhmhzowzp,noimage,20.0
aqicnlubyuvsffzy,Other,Linguistics,bwhesyhrrmhqjujz,noimage,20.0
jyshkvkawrlybuku,F,Math,pqpklrrsokmyjgcg,noimage,20.0
oqesvcztfjgenrae,Other,Physics,cjplvntenyayofsg,noimage,20.0
oncsmlxraiirwyid,Other,ComputerSciences,evmfzwixjftcjccf,noimage,20.0
rlecimquqxainebt,M,Math,aefqvtzygfqvzkbq,noimage,20.0
wsvydfsuurgkeeck,Other,Literature,afcdbttysmkcgyje,noimage,20.0
aegpktogymymjwvp,Other,Math,whmpwhzzjrerbnuo,noimage,20.0
znxnjsqflniosirp,M,Finance,rvnlbbxrfbmwbjet,noimage,20.0
szsaugsjzncryzis,F,Physics,dhdwymcuyasltzdk,noimage,20.0
jiaxgnwzmsapgtyh,M,History,iukfutvvwablexrg,noimage,20.0
qboqxqpqpnvqbcmy,Other,Finance,slpwbxksblxaxnrm,noimage,20.0
ocldrofvlxlehhlg,F,History,qelfvlzbuyyhotpo,noimage,20.0
uumecrdwaxfrtbmr,Other,Linguistics,cznipqsudxcychhp,noimage,20.0
zcnxuvqpheyilzmr,F,Linguistics,ufpjbuzbizvtdnjg,noimage,20.0
fhufrkwujdptbqib,M,Finance,jjgyokinfncngdvn,noimage,20.0
bqjqeizohwrecctj,Other,ComputerSciences,uxgsqyfashdyjjcf,noimage,20.0
vjjysbpcresvycgs,Other,History,hwkuwetdznlplkha,noimage,20.0
petznukqujykenmm,F,ComputerSciences,znocradabkralfxk,noimage,20.0
wsdikavhkuhxiybh,M,Math,oaaujzffrmwuygmq,noimage,20.0
qznzxlndmhlrtmvg,Other,Finance,qadtydxixmbqizfg,noimage,20.0
ozznwbpdwajpvjxc,Other,History,poaosiqtxbwkijpu,noimage,20.0
fqmtrydmlgrytoiq,F,Finance,phldfxktcnsjegbn,noimage,20.0
xcmnwwhcrgpmgecm,M,Linguistics,wqkjcmzoayvwyeof,noimage,20.0
kqkrodfedvpfesjf,F,ComputerSciences,fkligwlwachdkewq,noimage,20.0
qqkzvughfhbfgltp,M,Math,afqrdmenwemoquev,noimage,20.0
oawhdbrnwwapclfu,Other,Finance,wwjbfnvegwrobjhy,noimage,20.0
ctapjxoasrshcybi,Other,Literature,wehmajuzqgtsxegy,noimage,20.0
nraskinjcutepmxt,M,Finance,khusmvorkcshsnya,noimage,20.0
htshagiejpmadohb,Other,ComputerSciences,jwvmqinutxyavhid,noimage,20.0
eorusvpdysbdnytn,Other,Math,tcjvwltgzmhovmgv,noimage,20.0
cjxqubbdeztawbjk,Other,Literature,cdmeytucdxfnyhxr,noimage,20.0
tzmzwnbreoxmueov,M,Finance,pzxwhpmqkkwwknmw,noimage,20.0
mtgnarriczegaaee,Other,Math,leeynabbhgbpesae,noimage,20.0
jvrhcevpgcufbxov,M,History,ecvuasaaliqpragi,noimage,20.0
vkwpzgmxxnrqbmhx,F,Linguistics,rfxbwrosqjtwmrjn,noimage,20.0
lrzqpcupvwwnjnom,M,Literature,aowfmailzghkyxms,noimage,20.0
selrxiwbgshtohth,F,History,tpzwtsnxntzmzpec,noimage,20.0
zhtkwptnxzjxicpv,F,Finance,pobvamgavphxfldz,noimage,20.0
gzqlpcvhhcfbfnab,F,Literature,mqgyiabcxfyyesop,noimage,20.0
kqtdnvznzxuwkxiy,M,Literature,dbeoupfhyrburadn,noimage,20.0
znpsqdunyhuiukbk,F,Literature,ewjvqyfszrravsjk,noimage,20.0
txgnnqmsgromgrai,Other,Physics,aouonxztylflmtnu,noimage,20.0
euaykntxwwjqycpg,Other,History,xsfgdjtxjiqjkqsg,noimage,20.0
oklthfoasepuwxzw,F,Literature,qbbxalcvrajfjzxt,noimage,20.0
cqrfbhjqvnunzskq,M,Finance,lnquxizxpkgascpq,noimage,20.0
qxpecsnzufedbmhe,F,History,tygjkstgjkwlbrlw,noimage,20.0
vtgmjgvadyohxmfh,M,Linguistics,zfnkmwicbcavirrc,noimage,20.0
bxufhstvdwolbelr,F,ComputerSciences,nkwqibjmpxfzegpn,noimage,20.0
txxavbubjmtkudeg,F,History,nrbzyhoihjdytajp,noimage,20.0
qekpjfijwgsejhwm,M,Math,dryvfplaydrfwxde,noimage,20.0
vnjjonjaikltbiob,Other,Literature,shujdugmoihszuvu,noimage,20.0
cmxhhnvuqhrywlgm,F,Literature,mgduyrqtnvfkrppf,noimage,20.0
wayxdngacnivfxhu,F,Linguistics,ablfhskjkiobpqyb,noimage,20.0
rvytsqjxbffcmisn,Other,Literature,psuncplssfotcyfr,noimage,20.0
nhehucbtegrizdij,M,History,unhbxqkqbyxhofii,noimage,20.0
busfwjfxqketroyv,Other,Linguistics,qufftjtmqthynnnx,noimage,20.0
nzhjfodqgjrohacv,M,Math,jtoudqmnsjvzchvb,noimage,20.0
hybwxlkmcqkqwagv,M,Finance,zffohjkkfxadahnf,noimage,20.0
vtelevcimnjqaufs,Other,Math,ggmmakoiikofwpqt,noimage,20.0
awzrniyhlcsurukw,Other,Linguistics,qtbucubawznmixfe,noimage,20.0
ivkvpeobvfvulyow,F,Literature,ikhlgaphvsykqemh,noimage,20.0
xinixoppmzwcfkks,F,ComputerSciences,tqhtsnhmlscvsinw,noimage,20.0
gyupspatiazmczox,F,Physics,botwvrtosvpbrbsj,noimage,20.0
rmnrbanwebbmqajk,F,ComputerSciences,mezieuwhmmrrvpsw,noimage,20.0
qdfigbwywgntoteg,F,ComputerSciences,wcyxrenezoacrobj,noimage,20.0
gxkqtjhtwkojqjdc,M,Math,nxhvfvxgqrdicasx,noimage,20.0
ecaanhrstnnfgnqf,Other,Linguistics,bjuspjdxcelyuxgp,noimage,20.0
ofcsyxubgihxxmfq,Other,History,dmcuhvqoeketndpp,noimage,20.0
vkjqtrvlumjgswbr,M,ComputerSciences,esfoitdobedgibwx,noimage,20.0
imzpbftwmzlttumr,Other,Finance,cberghuxygxborgk,noimage,20.0
fuyuqfcgwneoybgq,M,History,cxftxguzzqwkydhy,noimage,20.0
hnnfqggwjhyhbgwb,F,Finance,bmdoklacodocjctr,noimage,20.0
jvhvzoihgchsrxag,M,Linguistics,mquyzyvigoacuwwb,noimage,20.0
fyfuoftqcxsbsrlu,Other,Finance,jcjadzgvjzppxyls,noimage,20.0
btmrzljfphrtmgpn,Other,Linguistics,jovdsksdjhzwixhb,noimage,20.0
utfdhqxxjkgwvvco,M,ComputerSciences,whrnmopxjzuwzshd,noimage,20.0
xnydtbzxxxfivqlf,Other,Literature,oehftieoiyulyzms,noimage,20.0
qdrfyhvwzxwbemvk,F,History,vdpgdqymootgttag,noimage,20.0
ctchiwivavfyfbkc,F,Physics,wbaxzzrwczuoousu,noimage,20.0
nxvahloggoicrxgf,Other,ComputerSciences,motjehhyizkzcwko,noimage,20.0
ihsutwucaudtucfu,F,History,sudwudqaerdgmmsa,noimage,20.0
hzfbfkbwslmhryvw,Other,Finance,galvvwgtncfwmour,noimage,20.0
zqdqivfwitwiqwhn,F,Math,holdtflcmlvfotey,noimage,20.0
eeobpvztvvkstpwc,M,Finance,ngdzbsgyxhovwrrl,noimage,20.0
vkdxtngrjtepozkw,M,ComputerSciences,bpqnnfygbfmowrtq,noimage,20.0
zlhnqqbxwzgtqhnr,M,Finance,ermwynhouwdofddg,noimage,20.0
vepzypgrmkvknxps,F,Literature,hgsjifmilbctauqy,noimage,20.0
okxxbjrzwwmiqdda,F,Finance,jczjtpckoxwrytiu,noimage,20.0
gtyhjleewnlhonhz,F,Finance,xttdrtaaubbfjqnp,noimage,20.0
ggwbrscmleuzdwdc,M,Math,wrtoyqdahuliojof,noimage,20.0
awxyhdgiaigqmqbu,M,History,jrrsffjcpuykyipf,noimage,20.0
uesgcujusjiyqezz,F,Finance,nwwvwseamsmugmbf,noimage,20.0
ivvpxxcylivpihnr,F,Literature,ynuekhaggfwelhjw,noimage,20.0
todmtueaxemcvvpi,Other,Finance,zscpnozmglrbmtul,noimage,20.0
cyvqiclcvtqhllcn,M,ComputerSciences,lfwwwtrciqvmstpb,noimage,20.0
ewhzgxmcxhxmdqhw,Other,Physics,teqfxqkykjlamwmk,noimage,20.0
dgfdxvrbqydzxwll,M,Physics,bgsclqgznsfagegi,noimage,20.0
azzskyklwjtgqsgq,Other,ComputerSciences,vbovkrdzwpfkqshq,noimage,20.0
twnjmkmsmhwlzjxf,F,Linguistics,nfpenyobprtzpbkx,noimage,20.0
dpeccghqcmwcyotd,Other,Literature,kbygtpcthfpztvdv,noimage,20.0
nhdsvtysmjntrysu,Other,Finance,ycnepymmvegkggqr,noimage,20.0
gfxewlxkyudjyrav,F,Math,qhpedtocvckgetta,noimage,20.0
stnakujgolxfcmyk,F,ComputerSciences,tvyjyhifxkktdhqn,noimage,20.0
khxrejxtkpyhuezz,Other,Finance,ycqkwaunojkfdrts,noimage,20.0
lmeksdpypnzmcxiv,Other,Finance,trxruhkcrvalgchj,noimage,20.0
plmbqogtgagngtvp,Other,Finance,oalptyqtavcnlven,noimage,20.0
ougctttmoshmswoi,F,Physics,snqlrhclwzopjwyq,noimage,20.0
uahwajhrvnrmkbez,M,ComputerSciences,skglmdmmakqttktl,noimage,20.0
pggyebfmbzxmqcrg,F,Physics,feleehkzyygeogbj,noimage,20.0
hwntpalzlzehxthd,M,Linguistics,qjjzpmpofeowaiog,noimage,20.0
xgafyespaxlrnras,M,History,ldmspkaucnnczafy,noimage,20.0
vzoedeylfrbpjwhe,F,Finance,bbmizlwxmvhcsyed,noimage,20.0
rgbvqeckfzufmukb,M,Physics,ncgoumemgkwdxiar,noimage,20.0
lzlwmkuitqewbwcr,M,Math,rlpjmgmwiqfpuxck,noimage,20.0
bxhirtspryuwyeui,F,Math,etjflxyhldgnxlsi,noimage,20.0
pxapwuoxrcokxuns,Other,Physics,ikbzhouwxzjpsbrr,noimage,20.0
exywhhrnahzghpoq,M,Physics,viyqmfatwjjgffoh,noimage,20.0
obrvhdcqwrheohsq,F,Literature,stcdyyvmamnknurx,noimage,20.0
fxvvsszfjodibytr,Other,Linguistics,hptvmdevfyioerxx,noimage,20.0
obvenqqksnucyktx,F,Physics,pmqjipvixzqtwdpv,noimage,20.0
whjotptltesbqefh,M,Math,thlraybtwbmehytv,noimage,20.0
optaxudvacvxpwnd,F,Physics,uyahokhvherswmgn,noimage,20.0
gkbtnojjhdaiykds,Other,Literature,dsmucnnltcvbdkmc,noimage,20.0
citktigfljcjcmpz,M,ComputerSciences,wjyrirwjybnseepj,noimage,20.0
lgsethrnliijzeum,F,Physics,bvamfuthiizodiza,noimage,20.0
hlgwoyvjjrcapofc,M,Physics,bxuscbsgublnypro,noimage,20.0
ryiezdttrhlxiigy,F,Literature,qnvwhsvqyjannlci,noimage,20.0
ptrfmoywbqzlyarw,F,Literature,mtrhyyrjeytbfsvo,noimage,20.0
wymdzhadzptwtqpa,M,ComputerSciences,uxagygbmpnxujljz,noimage,20.0
ymadumujubldpcsg,F,History,cjzzfeklgbebihmn,noimage,20.0
mwrmpvhmdnvpitjq,Other,Physics,faewmuclyovlqggr,noimage,20.0
ymxexfktydbhnlcc,Other,ComputerSciences,nevgpdncgitjovgr,noimage,20.0
etpagpyvtondjbem,Other,Finance,qlpmqpqphxtygrja,noimage,20.0
houcsxrrlpxmumxg,M,Math,ckmtegptgowkbdpx,noimage,20.0
wwjwexxauttdfjoi,Other,Literature,enfkibjdtzgfuqjy,noimage,20.0
iqwxyiftztnjkshs,M,Math,ocmhsluqsroqposu,noimage,20.0
buudzedggbeknhqp,M,Literature,guckkehnvdtlcxyi,noimage,20.0
shpbcqjqztzeawxc,F,Linguistics,cjlruhqjepagruho,noimage,20.0
pjjjeldjquricdxg,M,Finance,wnauixmsrhhxdmnz,noimage,20.0
efkafokgxevijbaw,F,Math,scuomcqocmqgzkzf,noimage,20.0
cbwdduqxnshhoqsy,Other,Finance,cjsdbdpvwpluclix,noimage,20.0
tikolximuseryujz,F,Literature,bndrfokqjerjksdn,noimage,20.0
xobybghbkkrdjoxf,M,Literature,srwpfkarsyjreyrg,noimage,20.0
sveznnzavaagpzko,M,History,daulybkblplxetxq,noimage,20.0
atfzricqmvxhhklm,M,Literature,mczmztyuxgigxoer,noimage,20.0
plndjdaazishacjy,F,Math,cyeejrqdyklzbhep,noimage,20.0
rohgvrvvyebhizgd,M,ComputerSciences,gfjllhjjdmbipzns,noimage,20.0
iymqbouqzfvviacd,M,ComputerSciences,zblmpgztskawrlwx,noimage,20.0
celhniphjvqshckp,F,Linguistics,efwlxeyakevrfafo,noimage,20.0
pdkzecjxdrhwlfiq,Other,Math,jeauizcamdutljjx,noimage,20.0
baszdncgzrgjypnd,F,Math,dxxnouxqfosufxgu,noimage,20.0
fguolicdwopzanlc,F,History,etheldpacrphsgqo,noimage,20.0
pkbavctmojtyithk,Other,Literature,hyxlquzyyjufadzj,noimage,20.0
jlejajowgstnxmkf,Other,Finance,llylvxxkonicqigt,noimage,20.0
kzdsduvuntvlzang,M,History,lbcwqrsveydhzuwy,noimage,20.0
mfdojbuozrquofit,Other,Physics,ujmvalxopwzufkzw,noimage,20.0
bgwpcuzeeldmxvwq,Other,Math,cdebmmahwtgkavqy,noimage,20.0
asxmjgqqjqcyponr,Other,Literature,gyzwozzkmgbjcrxz,noimage,20.0
mxzyqduwdepowisy,F,History,umzrxyrontnlwfmc,noimage,20.0
wfyhzpygcpicgbxk,F,Finance,vyblwxflwpqmwndk,noimage,20.0
lquvcaqkdsvhcjdr,Other,Literature,ynnkcjvwpmkvgyhs,noimage,20.0
itqlbqmhmqegliex,Other,History,pmtvmzqdsrxzchvz,noimage,20.0
rvdzdmhezyghgfnc,F,ComputerSciences,uldqicbsqcrfqsjz,noimage,20.0
uinmitbozcsdjsch,Other,Finance,kmfjbuxfeadwvmkh,noimage,20.0
cnglpzzclhyxoorg,M,Literature,tgvbnzngclgbahwr,noimage,20.0
nplhfjootjpfqgsy,F,History,lorrnaixklrfhbeo,noimage,20.0
hatuoonvynkexgbn,M,Linguistics,uoaftrblooqtqlpg,noimage,20.0
dezhdtvthjdyoezv,F,Linguistics,izxdbpdmrttuuxyc,noimage,20.0
ltupqnnxhkjuoipk,Other,Finance,yoaztltnbcmvspxs,noimage,20.0
uoycalqdawfpdyfi,F,History,gaobfwhwaqoltsxi,noimage,20.0
nutknotwcbeihdfq,F,History,jkyiimggkxxoufha,noimage,20.0
ewontrcgjnycxxsz,M,Literature,mknnmoosqasriowk,noimage,20.0
pxykbhftufzawiff,Other,Finance,kntwlpeycatgfnrv,noimage,20.0
jieuukdbybeutntb,F,Math,tkzmxnmuzfujldlh,noimage,20.0
aavqlriftajmfehr,M,ComputerSciences,szdfxobzczkamkii,noimage,20.0
bvjfpksluzzsreps,Other,Linguistics,hjzidpkcpidcnelk,noimage,20.0
ftuwzqmzprxmglao,Other,Math,tmtiqwywlfbawrdq,noimage,20.0
zggizyngjiglfxvh,M,History,tpdiywejohujtakk,noimage,20.0
crzlxvztjscsfznh,M,ComputerSciences,jrdjznncyvdpkgcp,noimage,20.0
tbaansrfbcnqbxto,M,Physics,ldlvjjlhadxxuieh,noimage,20.0
wqbkeawhbmfnkvng,F,Finance,vgyawnmhtehhofbw,noimage,20.0
vpwfrrwytpudzjfr,F,Finance,dpgbwckgcbjbcbxb,noimage,20.0
scwsrmsvrbupfzre,Other,Literature,iiqcqipcauopgbfv,noimage,20.0
zkoiduturocqruyx,Other,Linguistics,spithnusiiwewtqg,noimage,20.0
ihvkafbqgvobhgyf,Other,Linguistics,duomtwbuchxovbog,noimage,20.0
jlkyrifbdtgtepih,Other,Literature,xyaenvgkibtbiehi,noimage,20.0
qylgxqhhzszcvylp,Other,Physics,anumrgqinjkapmxb,noimage,20.0
vrnxzhtndtsxsrpa,F,History,ptcesnveumehmhmq,noimage,20.0
umspfyjazpnloacr,M,History,hkjhibxauhupvaus,noimage,20.0
uytesyzmgrndpwaf,M,History,tndccmssxplujxby,noimage,20.0
gscmljackbtlshxy,Other,Literature,iulbbxpkdtwhidtv,noimage,20.0
oaminlabjfwfdizb,M,Math,hnasidzbyrjgwspd,noimage,20.0
rlnzuamlgkjetxyx,Other,History,ecoxoinkjghrihnu,noimage,20.0
qbeycovhxdimfpvm,F,Finance,vfvhvdfdhqqzahpn,noimage,20.0
kagkazbumlhipgqo,M,Linguistics,joggpwwqgkeddukc,noimage,20.0
bncmfrohydfbkhgl,M,Linguistics,plzxeaarhgkebgjk,noimage,20.0
prxhibpbrzponafo,F,Math,ywbuggeoqmgivvlh,noimage,20.0
lpkvlkguznyuslkx,M,Finance,hgdjmnfskqdmdnhs,noimage,20.0
xjqipqfqothizsaa,F,History,wfiqlvcvdhiqqmlk,noimage,20.0
lgucnotxvnjjciwy,F,Literature,eornqfrjqrlynlcu,noimage,20.0
iewgtrysfjshrbng,F,History,prfjyumokbiruojt,noimage,20.0
qfvsldebvqquvjij,M,Finance,kcsfpbxidhvrhmcm,noimage,20.0
pekahwjzweudxbha,Other,Literature,ekxjwsokgdnounff,noimage,20.0
qofjmixhlrtlkxko,F,Finance,vyjwintxwodcvazo,noimage,20.0
wnkwkeduthmplofu,M,Physics,givfoupravbqetui,noimage,20.0
scfjqoqzmvkobnpr,F,Literature,zxfwpcpensyxqwbz,noimage,20.0
azabchmnqdwvzcpi,Other,History,vixxlhfclukklcoy,noimage,20.0
aijtyntyklccxovg,M,History,owxdihjvqiwzhean,noimage,20.0
kizkfhryzdzmqfuf,F,Physics,whcrssvwqltrwthw,noimage,20.0
xmnwhfsjcrqnidip,M,Finance,vjobolsfvtuvrxjy,noimage,20.0
hoescpbvopjpbpsi,M,Math,dwvyljlnyclghbjf,noimage,20.0
btebkxfktylolnss,Other,Linguistics,ioxtzudslbnlsgco,noimage,20.0
rgxzjdeynnkjaoyr,F,Finance,jswqhfoncjphmqqf,noimage,20.0
lspffeaoozlgesti,Other,History,eyminodeqxkgxqcn,noimage,20.0
hayhjvhsounedoof,F,Physics,gyimdbreyykgsgsy,noimage,20.0
fsqgpncprtxdapqo,M,Literature,xykifmijnczivlwv,noimage,20.0
rchwsvnddneuexeh,Other,Physics,raetmxfumpiwfekp,noimage,20.0
lhtobhzjsdmmphxb,F,Math,fjajjzprtclbkbhz,noimage,20.0
xmekkbctjeaukvyl,Other,Finance,bxyuwlupugwejjcv,noimage,20.0
rupomdtaxnzcnjkv,F,Linguistics,wbwmifkuxlldsbih,noimage,20.0
miygwpwidytlxdeo,F,Finance,bwumzietwydjakdd,noimage,20.0
qttluzalyauuqqsn,F,Math,rfzlhnsbsxepeeuq,noimage,20.0
agjtvynawpnaodra,F,History,irzlolonojanyfak,noimage,20.0
fnvqqpimwwttxdlc,Other,ComputerSciences,fknyxxljufvtjbpr,noimage,20.0
zxbchduiidjrrfrl,M,Literature,vbnjqtvudbhrtvmr,noimage,20.0
lpaotxkhphjzrazu,F,Literature,sqohfqagrflahmgf,noimage,20.0
kmcgkegcsxuexpse,F,Physics,wbmtnvholmwhxrtk,noimage,20.0
qnirkcfkpqqhxddj,Other,Physics,lspthcxvpnsqoncu,noimage,20.0
hrusbfpgjbpuqxqg,F,Literature,goyukumhnmoiiwdj,noimage,20.0
djtfcyadamqpydbf,M,History,xzussqosxhgaxrid,noimage,20.0
vzqqjloxgmpcjdwu,F,ComputerSciences,knzvukikfyjkufux,noimage,20.0
cxmhqznciobqbyvr,M,Math,sjlsurmnsodfbalh,noimage,20.0
impebijwwlzarumt,F,History,yszkswcvidfxoyod,noimage,20.0
neumvbryviteinjc,M,ComputerSciences,fmeonyxyonxiwsuy,noimage,20.0
ewrjbxvtirloxrvg,Other,History,tpibbnogvqqbhggw,noimage,20.0
xmqumehpxmczvqqa,F,Physics,dqvhelflpkevfxjq,noimage,20.0
opzprqlfwlocplrs,Other,Physics,qtoyydrcsrnjtrwi,noimage,20.0
ppzghnrjnftapxvq,M,Math,zewnwneoglywzxth,noimage,20.0
pqgugdwnjsvcgryk,F,History,upxfpuwodluqhhxr,noimage,20.0
ioevdftyyuqevats,M,History,secuvtmoukrhilop,noimage,20.0
hwurbxjgiqbffmks,F,History,bsipengdkubqizzq,noimage,20.0
ltqxuzfdlgoljlpo,F,History,gaikckfqdpntdjzb,noimage,20.0
hmijbgjfswabaois,F,Linguistics,wdvdfcbnuasjpact,noimage,20.0
gpsnujoosgzqadbs,M,Finance,iahqdjtfoizabajq,noimage,20.0
yvmcgrkjyajjnyee,F,Finance,cbqcnfsnjgngbsiz,noimage,20.0
cvqrijuwqppigihk,F,Finance,nuiforvowdxwbhtf,noimage,20.0
fhhjnjdzglplkexf,M,ComputerSciences,rjhdxpnthiedxlhm,noimage,20.0
birrjyexjzatiyal,Other,Finance,rfzqbdzrpofmgwii,noimage,20.0
oclavqjigvxbdwcd,F,Finance,lfgaidzddldsdwde,noimage,20.0
gfgkexilywdaklra,M,Linguistics,tudpjawzfvccaesv,noimage,20.0
lzlpyjusmwvhikkh,F,Finance,okwbfhejjfzgubqp,noimage,20.0
igeetkxqlqbqvuib,M,ComputerSciences,ljnfswrfzonzfipp,noimage,20.0
xmnymgftaeawhcaj,Other,Linguistics,vqhvmiqnoyluoxav,noimage,20.0
oqozyxdicrmlwvfr,Other,Linguistics,ifpwcctzrfhafirq,noimage,20.0
brcvnatqgztrqdvc,Other,Finance,kelsxrujeaoeyhaa,noimage,20.0
rdreawcdmrqfezaw,F,Math,mzkzuehumznzybjh,noimage,20.0
wpgbgvnyqbzipplq,M,Finance,uycypmnhprwcxofp,noimage,20.0
ypbbxyplmvvukcxt,F,Physics,lmjgalbmcvdiqjdv,noimage,20.0
kjneeuzjfchghitg,F,Finance,rfidesaiomnnmxel,noimage,20.0
ngjbxxjjdvkgeofz,F,Math,tzeppkrzmlyoonuj,noimage,20.0
qowxrvduobypqgpt,M,Math,zkieassldxoihvye,noimage,20.0
dbsxmpbgianicput,M,Finance,bvlotpgizvogazbq,noimage,20.0
sjfpqythngefixot,Other,Math,loudsfatbammdeec,noimage,20.0
jnljybztfemfvuny,F,Linguistics,uumiwkndvxnixqwu,noimage,20.0
mpaxibpchzuquakd,F,Finance,pxdnwnhtmvtcisis,noimage,20.0
ykixffjfuiniqaco,M,Finance,qfkbmuhyyhyvogdf,noimage,20.0
qgcjyrfsyniieflo,F,Physics,tbzkgvlyassqcnus,noimage,20.0
qbbpwxfcpetsbcza,F,Linguistics,hbldxqmnkrtmshgu,noimage,20.0
ueblytifjuolptyd,F,Linguistics,gzmxtlyjvxqlerdd,noimage,20.0
bdjbakgxytykgpvm,F,Finance,uduvhzlqcfdnpppb,noimage,20.0
hkkywaqnwnyxgwhj,Other,Finance,upzilalanuoixmyv,noimage,20.0
gwkcsvxuvieouxns,M,Math,vxaziwfftschmbao,noimage,20.0
tfcgocwwbnqjopaw,M,Physics,fucheqftvtgmszqq,noimage,20.0
cpjokdslazijadke,M,Finance,xrpeatmictkitghs,noimage,20.0
gopwdbepdllmatbt,F,Linguistics,ywbilggpxczmrost,noimage,20.0
hgzpdmhfiqchwpgp,F,ComputerSciences,xkdxivwagrcliquh,noimage,20.0
jxujxlmrnpqkdiui,F,Physics,ruyjculikfeghbhd,noimage,20.0
qzwfdiugnzpgtryf,Other,Finance,poodacdcupoibzbb,noimage,20.0
wlcvfscvzfnptiog,M,Literature,qxbfgqmhvvhijnso,noimage,20.0
yblgyrhwssbnfwgz,M,Finance,suokydrcfaelfzyo,noimage,20.0
trpucqpfqeefkuns,F,Literature,fbetztnbccjysuqq,noimage,20.0
wfirjdaeczloyrmf,F,History,jzpgwvieqmdwfvlo,noimage,20.0
zzpvagrirwabfgmo,Other,Linguistics,ncmsqfrlqdllzmwv,noimage,20.0
fvybtbkesfgprkoc,F,History,xvlhdqxadcudijli,noimage,20.0
qleqrrsxbgpztqnp,M,History,lyjtlmeamewehhko,noimage,20.0
horfwfoskwcypoec,Other,Linguistics,vdjjubcrabhtozux,noimage,20.0
qfxdobdjcioynwpa,M,ComputerSciences,ddbbalkcdfndbskv,noimage,20.0
nixqvqkjlcghwyez,Other,History,wpwvljrryxiqmawq,noimage,20.0
wmsjooacieouwerp,Other,Finance,mtthpwzhgnlkazen,noimage,20.0
avxfotejaqdmphrp,F,Finance,gqnskfqxioycfjoh,noimage,20.0
iohvhgddgbjmefmb,F,History,lwvmbvivfzggbvfw,noimage,20.0
hoqoojmksfoyzfkq,Other,History,czgoxhfqizncoemk,noimage,20.0
feikouogpifarsxe,M,ComputerSciences,fynupuwohfpotabr,noimage,20.0
ibcffnjjkbqiaxhp,Other,History,olzshwmidjkomitb,noimage,20.0
mnzjeveranrmfslp,F,Physics,nfogafrainbwufog,noimage,20.0
gsyttgebqyqmhtfq,F,Math,irqhbfctktsnimgn,noimage,20.0
pltgtyirmlqpmfif,M,Physics,qdgdlukmfygoyztc,noimage,20.0
rwxiqxggdkybbozx,F,Physics,ueeohbihevumniqm,noimage,20.0
fltfzqwybjbmqluh,Other,History,wozeonsoqdizrcyw,noimage,20.0
ymibkvzabmcprnkb,Other,Physics,tebavvdieueqsckr,noimage,20.0
kcexphmbvcgtnsvl,M,ComputerSciences,tykkpyauvzxsmukp,noimage,20.0
pwmaneozutrdlsbi,M,Linguistics,ymedwfeozsvcpzmj,noimage,20.0
pkyqvnabymigyakm,Other,Finance,qwqwmrkpwiifrnjf,noimage,20.0
zwkxtcrdqnjkzotv,Other,Linguistics,lakoesgaykceaehf,noimage,20.0
ximjiddiqpcukrkl,F,Math,srawnvkyugumxoos,noimage,20.0
ydbrsrhpkcxtqxaz,F,History,wcpxlrseozrhqemk,noimage,20.0
hvmwfhhipkulidxk,Other,ComputerSciences,bvpewuvyqavpwiyc,noimage,20.0
ohfmhxmblatpztqx,M,Finance,gdyqruplotchrmym,noimage,20.0
fiopudujkanriiok,F,Finance,kephllkoiswyhuje,noimage,20.0
pexjzfebwnxwaerj,M,Finance,pmknyubegvtinfaa,noimage,20.0
qdfebsazlsswenvh,M,Finance,qlsalssoabqmlxul,noimage,20.0
ifsyxrusahyszbwy,Other,Math,waztdftuhpllaybg,noimage,20.0
zdepuycndhjynkpw,Other,Physics,qjrtbgqkramotlhj,noimage,20.0
nixcuocukmkougth,M,Literature,eqhsuerdgtygdlvv,noimage,20.0
aldglcwtsfybzhij,F,Literature,fqapqhcuyoeyvmxl,noimage,20.0
claiphtszfagqyfr,F,Physics,cnibfiaxymuxutnk,noimage,20.0
xausibcvjiosjjjf,M,History,bayvkcbffrrjzwcz,noimage,20.0
aurrntjbabfmsqeb,M,Math,olbptndvsbquxgkc,noimage,20.0
hjxwxuzhkuavxmfv,F,Physics,vluzdysqypnkmetg,noimage,20.0
lnhxaraihdmhnfkb,Other,Physics,oegsfocgmekzfkcz,noimage,20.0
qvvumrydioelszkv,Other,Literature,fkwhqkmnijowwiyk,noimage,20.0
rbtrvtepttoeuuao,F,Math,enrctumccpbomiap,noimage,20.0
cdgrvysdmeduicfz,M,Physics,pnbxrbzcnpqgdkoc,noimage,20.0
gladwcgfszlmwetu,M,ComputerSciences,kmoidoxtpvapmwhm,noimage,20.0
hosouwaowzecwrnr,F,History,nhowmwltzvydlygy,noimage,20.0
ugniahtjmgufjbxh,M,Literature,ucfaidgwigocvjpj,noimage,20.0
bdcusgipbiwsgual,Other,ComputerSciences,tuwvfeeuxabvppiy,noimage,20.0
fbrqilwcuumyzorl,M,Finance,viuwekmwqptmdsim,noimage,20.0
zlzdkfsouofhqrmb,M,History,ilslrfheosquehdc,noimage,20.0
sbelufamakcistle,Other,Physics,vffcjqmoncqugxda,noimage,20.0
ltrutqesufizpkio,Other,Math,gdhfgwfbkyzkrtlp,noimage,20.0
iyvwmkpknnhcxcbi,M,Physics,mmqyxrveejpaljfc,noimage,20.0
iqtvadjitcrupcvu,Other,Math,ivvlovidnrqivwfy,noimage,20.0
aziygaloazdlutba,Other,Literature,tvgxwzyxsnyutges,noimage,20.0
kansjzhbbhzbubmx,F,Finance,klemyuuyugcsyqtb,noimage,20.0
mdhkmbhafevzzcov,Other,Linguistics,igukliryhbngbyxg,noimage,20.0
xmsnjcjlhxiixgjl,F,Physics,plghgpoapcywoybm,noimage,20.0
bnyhnyagsonbvscp,M,Linguistics,ypkqsqdcioefowwl,noimage,20.0
oeoubxnvkrrxnlqk,Other,Linguistics,tteseietjjfaaazf,noimage,20.0
cvjskrieidpetrli,F,Physics,zhovbfbasvoqqvdf,noimage,20.0
rttcmjbzgaoalyeb,F,Linguistics,jswmdnfsikdrfokg,noimage,20.0
aslwbhqfdyeuwago,F,Finance,fvlahqkxlsesxzjo,noimage,20.0
ocflzutdjxjwpkxf,Other,History,zbwxtkewapbmnyrt,noimage,20.0
fisrlewbtzkywmyz,F,History,xlstwelryofqcumr,noimage,20.0
nedfquswydhjyevn,M,Literature,acqaimjrrkgelabu,noimage,20.0
fmhvwawlwcupjemt,M,Linguistics,jpfckhqhirnlwxge,noimage,20.0
fgnsthmfgkhwkqkb,M,Literature,gowvbwcccgntbzli,noimage,20.0
okwkltstyagfiagw,F,ComputerSciences,vcfuclmwjvsieqzk,noimage,20.0
gcftcrpxknldxasx,Other,Finance,xtrvsafbiasnsamd,noimage,20.0
lphhgdttjvsztrhc,M,Linguistics,iblpnjyelbmevhaa,noimage,20.0
cmdecxxjfgnrcgus,Other,Math,yoydjcpplautyjzb,noimage,20.0
koqhrnxaptxlnheh,Other,Finance,wznbhduoketbrinj,noimage,20.0
yhaqkfqdcvesqguu,M,Linguistics,lxrehqmuhnzuyska,noimage,20.0
xcxuqgnhjgojrjps,Other,Physics,xeaezoaavyczmrye,noimage,20.0
piyjymqptvioxjnj,F,Literature,fncspnjdzbsahlcv,noimage,20.0
tpgxoooaepvhbucj,Other,Math,cxkmbnbcfhoonulw,noimage,20.0
anqbeppezuutvoxp,Other,Literature,chfnewmdnzvtkgti,noimage,20.0
pfsywamoapmikazj,F,ComputerSciences,snutqcojokiyvwny,noimage,20.0
tufovqibvsvxirwg,Other,Linguistics,ydnpkavwzbtzkshz,noimage,20.0
huweakgsxusozcez,M,History,ihkhajprdgsktnrz,noimage,20.0
lgynnjkjeqlaszdd,F,History,tusgonivbbgmzykf,noimage,20.0
pgjquexszywtfoyw,M,Physics,oweeldcwunxmoghc,noimage,20.0
apggibidzkzgwkpc,Other,Linguistics,ezkmrhvlwhowsedd,noimage,20.0
grmvbiawbohflmvv,M,Physics,wzvqambloxfidpbt,noimage,20.0
uhgayiuzdybbjqba,F,History,wkkyjknbisdjfvjt,noimage,20.0
kdpyhwpsgmfskzqh,Other,Math,npvhotabsaahgrcq,noimage,20.0
lgppbhgdnpsagqif,M,ComputerSciences,xylhjutvoxqxsxgt,noimage,20.0
nnyahqltjcmzyaog,Other,ComputerSciences,ukdmswdpqxqgzncu,noimage,20.0
buyhtwtvckmonwop,Other,Math,otlebvegqrmzcpzo,noimage,20.0
ytqafewlwobpmwnz,F,Math,skxgyamqajcgnijs,noimage,20.0
xderswgfxmmgghdp,Other,Finance,lrnjhdxhofaduueu,noimage,20.0
meddppkcjyrnclqc,M,Literature,ermgqjbsdxncymek,noimage,20.0
mwbuiogqrbavlffn,F,Finance,iwlztxkqvgmtlrfm,noimage,20.0
iavdxjpkhgptlfry,Other,Physics,chtebkkjofpjpfdo,noimage,20.0
sbojdgmtasvduwax,M,Literature,dyrvkkmolcuptomj,noimage,20.0
snhemzqxoythdobj,Other,ComputerSciences,cupaslntlqtleips,noimage,20.0
wyzabsqqgghtzkne,F,Literature,kjmgelmvnphsfhdw,noimage,20.0
qykmgeuchkxvthov,Other,Linguistics,knulxpqolfbndyjx,noimage,20.0
uljurqnyzdyeaunq,F,Finance,ioxubchelbnspcmo,noimage,20.0
yckprvtmevoitjmh,Other,Literature,jlxbfuvtfenawjow,noimage,20.0
txssahwqmtxuqkqw,M,ComputerSciences,vcofxmttnsasplix,noimage,20.0
hiwayvnokqyfqeub,F,Linguistics,noqwmyzkuacqxfww,noimage,20.0
scqrmsvsfvgfykmk,Other,Linguistics,xvcssfropbsgztlk,noimage,20.0
crdfvrzfmoywlfme,F,Physics,tmwxggrymtwioomv,noimage,20.0
wanecuyulcyjzhxq,F,Math,snfulmktsdtftglm,noimage,20.0
hgkxhlqlxtotupea,F,Math,uejbyonntnsrqikm,noimage,20.0
cicgoitkcngxjofg,Other,Physics,deqkxqwrelseankm,noimage,20.0
pabvmmutppkdawrl,F,Literature,ozofgdyrobvtvhgj,noimage,20.0
etpnnelaccnzhiqu,F,Linguistics,zsfimcxvllhyqbkh,noimage,20.0
bugbzkupdwakamil,F,Literature,xuysidmnqdzmozlt,noimage,20.0
hjlyjevinybiyuya,Other,ComputerSciences,aqstouplzsyaqkjv,noimage,20.0
vshxniluumctzwny,F,Finance,rzcvkeeduzvrfmva,noimage,20.0
gjdoqqlcaiknmvee,Other,Linguistics,fftngeaxvnzdcfeg,noimage,20.0
jjnibjmxykwnlbts,F,Physics,dnhlpwcjabkagjtc,noimage,20.0
sfgwswbedpihudrx,Other,History,cnyictlwtuzgrnpr,noimage,20.0
rxcoktnemcegtjdo,M,Math,qcryphthfngdzotu,noimage,20.0
ukvkzdubnavcjgqk,F,Linguistics,kcpgbjzslvdmpdrc,noimage,20.0
balblxnjsijyhpzk,F,Finance,tzbmuwzqhxgxmgjp,noimage,20.0
czbuxptnysnkgexv,F,Linguistics,sqqzsgoaljnitaxa,noimage,20.0
ocpytlapfkeoegog,F,Physics,yzizhgzztptxcorm,noimage,20.0
mdwnscrmmxexmayo,Other,Linguistics,phcbxzyrailzfuns,noimage,20.0
rdgygpusqnplocdt,M,Math,simdiwyatixofghc,noimage,20.0
rwjmzravmckhswui,M,ComputerSciences,qprwxeaxwlddirqx,noimage,20.0
glmlimhhpebmjyfg,M,Literature,fommetlxzezsbsfa,noimage,20.0
meyyfdmltmmjedsy,F,Linguistics,hrbqufidtpqoidcn,noimage,20.0
subwohrfzngxorwz,F,ComputerSciences,xrzeejuprxjwgjqq,noimage,20.0
rqjrvwekkjbvwqnk,F,Finance,vupfgmcybiqmiyuo,noimage,20.0
xaowqbpbwjrevwif,Other,Finance,xhkqyqabupyjnejr,noimage,20.0
awemoylpxosqddvd,Other,Finance,otzynlsnwiotzcvl,noimage,20.0
ahkzilvlyeyjutuo,F,ComputerSciences,bwuspucgjewmrymo,noimage,20.0
nabjzgeavdhgwuta,Other,Physics,rextsrllavmhxlma,noimage,20.0
bagnfubuvmsanyav,M,History,rwnfuwaozztlstsw,noimage,20.0
chlpjpsiddbseexm,Other,Literature,abyzevgffqguwanb,noimage,20.0
mppjnxgezlspzugq,M,Physics,wazdjuiluyhwbium,noimage,20.0
dtgfjeusvbefouth,M,History,onhyqqaaolcisubu,noimage,20.0
rycxyfboijhcgrlw,F,Finance,ckikujjumcjtsmpz,noimage,20.0
wtkxrmragkihtxbb,M,Literature,pqdxpaqvcngkbexg,noimage,20.0
guuukzbcngffohen,F,Finance,zliziktzvpwdylmf,noimage,20.0
zjycxrzpusjqvvaf,Other,Math,dtnvcgeclcfahuie,noimage,20.0
xuahsxdnfhxaoyal,F,History,byujneqtqhaxdgej,noimage,20.0
tyyjjnkttdkvepns,Other,Math,bynhpifcxrcbpjyz,noimage,20.0
rzmwoybwehjsjmzm,M,Literature,yrxylsuhydaofhua,noimage,20.0
qhtmvhzrozkoleid,F,ComputerSciences,bxsvkisoimspziqx,noimage,20.0
vmvuoonssabqnyyl,Other,Linguistics,jviiuplsfewizgqg,noimage,20.0
fqytisrjxjnwzqmb,F,ComputerSciences,rlzemfzoqgtbauua,noimage,20.0
ljuljjlmklzpyojh,Other,Finance,jjfqcsfnazueplhi,noimage,20.0
eoiqlenadgroulxv,M,Math,eoebgxqvplmuzvsi,noimage,20.0
durahoaosczcqohe,M,Literature,yrzzjtmbeoveljpr,noimage,20.0
fsetzsyygdcfufrq,M,ComputerSciences,flwruhzvzoimkeum,noimage,20.0
pjzfzrltzpdpnjcj,F,Finance,axtlmentjdbjgtyj,noimage,20.0
qfxuedmmhkwkvchd,Other,ComputerSciences,dhjlpwsuymhcsunk,noimage,20.0
tjjlrxsdcnukydoa,F,ComputerSciences,amtmbmjsogwqnmto,noimage,20.0
ruqsqfwuigmhqufp,Other,Physics,fzyiszxxxorlafnt,noimage,20.0
qoximgnmfsolqfmk,M,Finance,tmzuoqjjyjuqeokt,noimage,20.0
jzaowdliemxwnxsr,Other,Linguistics,xpqdczeypdfncyto,noimage,20.0
eepavdcspkdqyjud,Other,Literature,dbjyrbvxajehymmg,noimage,20.0
wjwaxccaurdjtbxt,M,History,xglgzkzrbkvyrlid,noimage,20.0
qndsaqkfcqxvqmud,M,Math,jsxaijurpmeggcmq,noimage,20.0
dagvdzqkepmuusbu,Other,Literature,wdhmhldnowwdhfzh,noimage,20.0
xibnqcbabiiihuox,F,ComputerSciences,dntyymveitrxtaym,noimage,20.0
jrpupivbmwkbbfpx,M,ComputerSciences,wjalmuyswmqxknul,noimage,20.0
swkbrjyqqroauehc,M,ComputerSciences,movcqjvopojlwqgf,noimage,20.0
lvhxyvltqwkjmbrj,F,ComputerSciences,adnrspwmlirsaogl,noimage,20.0
dpgfqcluezwkqxga,F,Physics,gntenkebqvmzkrom,noimage,20.0
vsnftwvxjnifobqf,Other,Linguistics,djoqjvtwihvymztq,noimage,20.0
nuopbwtkarbsalhn,M,History,yczgzdlrkencnblr,noimage,20.0
lljtlsranbscxkmh,F,Literature,hyhkqrjerpknluop,noimage,20.0
iibdajgdeqvthxrn,F,Math,ympfdebllxlkznkf,noimage,20.0
goldrhluqwcgzcjr,F,Finance,rgzyjbauygzcbdxc,noimage,20.0
kxexlhhcgqellnkx,Other,Finance,owbvdqqypjzfhifb,noimage,20.0
qylxyabpzauqgcvo,Other,Finance,iyuccdcmiwccvwhe,noimage,20.0
zxomqykweeddfwgl,M,Linguistics,abzyrtdcxlgldflc,noimage,20.0
euxhjckeyygwaqdg,F,ComputerSciences,ofobbejlcgkeqgjn,noimage,20.0
hussqbgqpoinzxuo,Other,Linguistics,ebkzampxqenflnlo,noimage,20.0
fpjhgdyensnkjhmn,Other,History,wrplqjrkpetpijos,noimage,20.0
vcgkjilzxsohgsnf,Other,Linguistics,dtgsgzmgdptkwwdx,noimage,20.0
hgichxodwkwrdjkz,M,Linguistics,hzmqskktuejzdqui,noimage,20.0
mfknxtqowqdetwaw,F,History,cjcdoimfkvewoypr,noimage,20.0
ayvstdoyuewenhql,Other,ComputerSciences,wgggwcdxbgzyxgkj,noimage,20.0
lsbobkpkpaywvsmk,M,ComputerSciences,fiibizrlvhrnkkci,noimage,20.0
uehmvpmxsrkooatt,F,Math,vcyvwohgjzzjqvjz,noimage,20.0
vbmrthznnrgfbdmy,Other,Finance,tpokdgdyxvfrxolh,noimage,20.0
utdblnlhxttlpmua,F,Math,pwbvzhfzxgnsxolc,noimage,20.0
tnzsdmaiaojgqqvk,F,Literature,ppshicbcyraghvts,noimage,20.0
purxaajcfrsbvfjv,M,Linguistics,nkqelfmunxplkblw,noimage,20.0
yczmjmozkwyhxzmk,Other,Math,jacessxnvxcnkbpm,noimage,20.0
xzhtypwwenhfjwlo,F,Finance,cmhtixromightrbn,noimage,20.0
lgwolhczchcyrkmo,M,Literature,cjgcyzwxpykqryxb,noimage,20.0
vhkvjqukkbfhzjzq,Other,Linguistics,iighmzoptnabyzcc,noimage,20.0
eurqigpklzgossfu,F,Linguistics,yqqcwotipzeoyjla,noimage,20.0
iuktlgjnyrkqjjvo,F,ComputerSciences,maqcfzhlnztrzoon,noimage,20.0
lwblpthurkzbgnzb,Other,Literature,bpclwabbbliktiwj,noimage,20.0
vwscouxzwbbdlxay,Other,Finance,lgiecopnrfmqxfiw,noimage,20.0
eaceafrcodmqinxn,Other,History,lthpolnsmctscoce,noimage,20.0
owrrqkjnctrfinni,M,Finance,ejjengxgmylgkhap,noimage,20.0
ubtxoalstqxiftdq,F,Linguistics,oyskubejpojhfzsf,noimage,20.0
uhxspbmakthdajxt,F,Math,eiyfvspcrvlvslym,noimage,20.0
kdbgurtxbvggfzvs,M,History,efzlgzlqbutpvxke,noimage,20.0
ikuqgckvjsiooaxb,Other,ComputerSciences,cbcyginkbbufqnuk,noimage,20.0
nygyqudryujxxexz,F,Physics,tsggycwldoggyuuy,noimage,20.0
sutqgiuwpkbuohqd,F,Literature,ikhxfykdvmiyynwm,noimage,20.0
qjgpyqynydqjlble,Other,Math,peeoxgfjwknmeecy,noimage,20.0
cxzegbgjtydybhcw,M,Finance,bafljffqjzahigdy,noimage,20.0
bdifjtopjyfyjyqr,Other,ComputerSciences,tyabtqcushxivgoz,noimage,20.0
vkguhkftygkxoutl,M,Math,tmrgxrxowphulcse,noimage,20.0
frttetacgtggbpaj,Other,Linguistics,fdqamcznaqogkfkr,noimage,20.0
gcuhovujuwdxxisy,M,Literature,ibhylzebzrrjqgmf,noimage,20.0
qbzakoejcmwyxxod,Other,History,wlwmdgnbzpzvxsct,noimage,20.0
jiidtudmxkrudxdi,M,Literature,fldfrtqgwstjgmqq,noimage,20.0
zckjfsgcfuavjudv,M,Finance,hnckknlfplhipbxr,noimage,20.0
zrmibgwxjjfftwxr,M,Physics,gqpufuvvqhljkdxt,noimage,20.0
yfkylauohimvtfnf,M,Math,vaskmtkbybkwugkl,noimage,20.0
txivpspcposiicoq,M,Math,pspqzquzmqwiuvhj,noimage,20.0
gzrebqjnyedebake,Other,ComputerSciences,zfkjcmpqgvixandh,noimage,20.0
ettwgbtliovdcltw,M,ComputerSciences,lmmcigwggjjdyata,noimage,20.0
hohvylbzlcwfdali,Other,Math,fkvluembwjicmoni,noimage,20.0
fhjroikqlynmvkxs,F,Physics,cszerjigcpsnfkkk,noimage,20.0
unnxhmwcxdxfblgw,F,History,ghhkxdloitclksyp,noimage,20.0
kymuwyljjxqbkesn,M,History,xltcbfmprzhmnrth,noimage,20.0
tawmrhqaqialkozz,M,ComputerSciences,ciikzyphfpdzeeqr,noimage,20.0
qshbxwcwodgqftia,F,Finance,gsvuikvjwjsyjlkw,noimage,20.0
bujrhjfdzrcylmnz,Other,Physics,xmoiaxcwrqhagcky,noimage,20.0
gkbikrrwzhosdeup,F,Literature,eblvuelkactcvjeu,noimage,20.0
lfswlknlngdtdvet,Other,ComputerSciences,ipsdmyxqokxsrohv,noimage,20.0
labpaflzcunonkag,F,Math,cqdztguiovwnjvom,noimage,20.0
blelrrrlgijwhtvf,Other,Literature,joedvfldtlopdwzn,noimage,20.0
muxnqrtxbapdclmn,M,Literature,qofkhameenbqfbkh,noimage,20.0
uwirqnjvifrauykw,M,History,uslebxhggsdqxrul,noimage,20.0
gkmxnvosgkjwrpbw,Other,Finance,ugijfhesqoypxsex,noimage,20.0
dvwdliqsxhnzqeid,F,Literature,kcvdsbzwngzmnnyi,noimage,20.0
zgblfztgeaywoxoh,F,ComputerSciences,awhxqhmlatsbgopp,noimage,20.0
ucfbbxhkusnvwhxr,Other,Literature,uzysemucmqeuwzfg,noimage,20.0
xvpcikccepcirnuu,M,Linguistics,ywjjjlinpyzyhkqf,noimage,20.0
kmiuqliiceophojg,Other,Linguistics,yjehzfoherfvubst,noimage,20.0
dthxmrpwhriuyitx,F,ComputerSciences,hlzxtedyzkjfpjlv,noimage,20.0
fynmyuivvcvzstps,Other,ComputerSciences,gaywzvyaprveflds,noimage,20.0
rdktpedokqriphhl,F,Literature,twhgmwyzugoagruc,noimage,20.0
vgxfacmhftmthxdw,M,ComputerSciences,uwkmapvjiciaemct,noimage,20.0
xfdevuhgnrtatrrq,F,Linguistics,ddwugoklazaxmvsn,noimage,20.0
shxmlvibvzqyzvsi,M,Math,kdtcrqgdcrrqgrfv,noimage,20.0
